"id","batch_id"
"0e1c5c20-a23b-4cb9-83b9-45e644513f0a","2"
"8bf28489-1b95-4f47-8a5d-6d97e897b0e4","2"
"9831fc16-c0a5-493c-a3d0-75f6d9bb21e7","2"
"103ad055-1f3d-41f0-91c8-5b841fd64302","2"
"a40b3f37-0d69-42d5-b076-78e7271a9d4d","2"
"9ecd8be9-6ae4-403a-b2a0-c6f933eac952","2"
"94bed9b4-6098-4434-af36-4dd60b1d6f8c","2"
"60adf19e-8dac-4751-b2fc-385aad8bd7f3","2"
"cd294b5b-bedc-435d-b8c7-ebfe0b6d590f","2"
"f3b466f7-620d-4ba9-9a26-60b3eda7c1a7","2"
"f497da1f-c7f7-4394-8f4b-c222c050a190","2"
"72d0efab-04cd-41a6-bce2-257c4bb37e59","2"
"e699ac24-af34-40a3-a46d-9ee7d2faf422","2"
"52bd690d-c468-4b5b-bbfe-19126b285788","2"
"aa180a40-e524-4ba7-b513-d244673cb7b7","2"
"91a3b6aa-6a76-450c-b6f3-e309d0f4be9c","2"
"c39c2ecf-b7e1-4d11-969b-d127bbbc3878","2"
"85affab8-d008-4bdd-b35a-ac0be7bfd50b","2"
"6242230b-717f-4128-a67d-be4cd4087c59","2"
"3f8d5dd7-f3a3-4fa0-a08c-2253a95eaeb9","2"
"2ad17728-6e7d-48f5-9e4c-31468d0999c1","2"
"62ff7c35-fc45-4981-a3b8-b5031c4dcd26","2"
"c710c461-a00a-4934-b89f-c98e3f779b15","2"
"0de643ed-b841-48ed-91be-ed6180da85a0","2"
"24ccbad8-7fb3-4851-88e2-b84b72772be1","2"
"8d9d44e3-0e11-47b0-8318-4338db61fa0f","2"
"11e14c97-8523-4e3d-b8c0-35ad76b8a2d2","2"
"850f16c0-573c-4974-a7f4-c1c162b72d08","2"
"f74ab90e-0aa3-47a2-878e-3dded14d19a4","2"
"dbc17b2f-4188-4b42-953d-78f1bd6589c3","2"
"6b5a483e-e0c8-4c56-a97e-7e6ee6cd1392","2"
"11e8c5c3-d9d6-44c5-8170-2cad5aea528e","2"
"bbe3b74c-462a-4f88-bbd2-fea127c79f79","2"
"57e44d19-43fa-428c-a482-11bfa363ec43","2"
"e679b32d-fa25-4d2d-8ee1-3bbf72733a6e","2"
"1d8ddee7-fa77-49f5-a0d8-4b5ba20583f8","2"
"c24814dd-62a9-42fa-be0c-a9e22b2e4549","2"
"43703496-3f63-4ee2-9dc5-ea57888a9187","2"
"66864f6c-1a84-42bb-89e5-b4145f222abe","2"
"01927211-2cd7-47aa-9853-e06bddde88db","2"
"98779896-1b0e-48dc-b61f-27f888e480bd","2"
"697d4dfb-fbc7-4dd6-b1ac-aeda0f8c034f","2"
"18a3f49e-6f79-4080-9177-6bd4fefc1cd0","2"
"33956419-77cb-47bf-97a0-d2b867012182","2"
"9d8ef631-0bbd-4bdd-8381-0572a7e36e83","2"
"7db65204-a6ce-4952-ab67-d9dcebb7bd12","2"
"3df36e94-5769-431b-b377-43252f6be3e8","2"
"1ac64fac-915e-48bf-b93d-35e5072d49ce","2"
"a45a829e-2626-422d-94c3-b1f664a73e07","2"
"4ffa46cc-eb0d-4de0-9405-1f7fe66f241a","2"
"58d73a48-89ab-4d42-a736-3fef0c0f6cff","2"
"45245f26-9ab9-4df6-81f0-77f7af1da378","2"
"795b470b-777e-410f-b4a9-b25059c8ac03","2"
"726cacec-4dc2-43a6-a49f-9c71e999d239","2"
"488960e8-9c86-4425-86f7-82a8f645462e","2"
"096bbd02-f5c3-4de6-9551-f7fd879c2890","2"
"4d587858-c539-4de9-9912-784efbc91363","2"
"d2593ee1-20fe-4951-b9b7-43560603586a","2"
"b20cacc0-3bf1-4148-adaa-dcdd21ab05fd","2"
"9f1195fe-efa6-477b-a060-c65987a511fe","2"
"0672a51c-e12e-49b5-806c-d09b0ab1b428","2"
"0dea1ffc-093a-45c6-a078-50d272c4bf80","2"
"1cbbb257-622c-4bfa-9c3e-e19c23339bba","2"
"ae26e187-c0a0-4917-b070-7df782a6287d","2"
"7031cc88-90b0-4803-b9c4-1792dba8c268","2"
"bcc1d684-f6f9-45ef-9f3b-72661eb1ecdd","2"
"5bdf8aff-e064-4b3a-b249-0e3c6750c7c7","2"
"7a0f8698-a1ca-49a0-a68c-c5f81d31b68b","2"
"1978bfb4-306f-4e07-8dcf-2e06cd34bd37","2"
"ee81b798-0b4e-4ae6-9cd2-b676ebf926da","2"
"9790ff17-025c-4b83-a8c5-5696fd626e02","2"
"e96daf93-1cbf-40ea-b963-520654cc4126","2"
"08f3a044-0e44-476b-bc08-ccac746ff7ca","2"
"8b539e38-4dbf-4cb2-aafc-1539b39c50a5","2"
"b278dc5d-37b1-4fc7-bc4a-5deaa598b371","2"
"35c2ab91-b002-4cc9-a02a-4ef35f4efbb6","2"
"a7f0261d-aecf-4ed9-87e8-3e7ddb9791b9","2"
"f4472fdb-4212-470d-953b-fe7436f08768","2"
"7aae9129-e1ec-4d41-bff0-7146bebca943","2"
"fbe78e48-1d3d-4e69-b655-d89c09f9b8c4","2"
"d60a1aa1-a4a9-4e5d-85f1-47d0c9992272","2"
"dc3a059b-b373-45ce-89b1-89c8878d6383","2"
"10165048-7f06-45d7-ad5d-1a89ebecd59a","2"
"ba26b31e-9f17-4ba5-b6a8-9d731a05d8c7","2"
"bd3ef548-0efb-4b55-a734-6a289de552b2","2"
"53ccb56e-e23e-4679-8d73-1c22b1de17b9","2"
"ee8802a8-b890-403c-a909-8e2fa1bde988","2"
"fe8ecd7c-11de-4cc1-ae47-8fa05e75006d","2"
"5fe8ee9a-4ffb-4f4c-a048-506855119efb","2"
"5ca75076-f55f-442d-9d12-b75dcefcf074","2"
"63f0bd84-b910-4f11-a3c7-517d552810c8","2"
"f61b6992-1d64-4138-9c60-6861d736e055","2"
"1b414aa0-362b-4566-b59e-e7002cefe5b0","2"
"c82c7357-f7c7-447c-b8df-80d18b948bc9","2"
"12ddc13b-a00c-4266-b811-573dcb5b4f4b","2"
"05efc0da-b998-4002-9463-38552fb67e5b","2"
"71d48ece-b8fe-4162-8a2d-45f214c0f1bd","2"
"fca46ab4-3540-4c72-b8bf-9a838eaa9ef4","2"
"f7035c1f-aeff-4872-8b41-387016983548","2"
"7c3cc788-234d-4d33-8cae-5d3b9bcff5fa","2"
"ca48c941-14d9-42f6-b328-82c915aceef5","2"
"50d69ce9-cf3c-4727-8f0b-4f39e763c4d4","2"
"71e9def5-6b8d-4a0b-96cd-37d6713303b0","2"
"1d536792-24e9-474a-b3e4-fd077ba48491","2"
"9fd0ecfc-da84-46fe-9e3a-b8d4366204d4","2"
"549508f4-bc9d-422c-a273-ee9bcd2c88e5","2"
"77dcaf80-b247-4155-8aa1-792ec1fb3f65","2"
"1bf8fb02-f886-4588-ad10-079a7b711172","2"
"addd21fc-2d8f-4882-9e7b-b308d5c19fad","2"
"bd209f4a-3435-4cc9-9753-5917815a6944","2"
"cd48c62e-780b-418c-9951-0eca719e51ca","2"
"7c673ecd-93a7-4e39-b69b-41e9b62b651a","2"
"4da0c20f-6ca4-4f4e-8b1a-e1c6662d5082","2"
"b1301f4f-7ec9-4621-8097-d6453e81e010","2"
"83976716-c98c-48c9-b956-d6a1f3377be9","2"
"c004ed29-8760-47a1-9283-7f3da44d4004","2"
"34fa7c38-280f-4db6-bec9-1f9808ca093e","2"
"f4682a37-2b57-46c5-a948-294113267f3b","2"
"f7f0ac22-3cbc-4e3c-814b-c6cef5d76208","2"
"f7edae3f-9066-4110-a152-ee4faf4eab8e","2"
"1c7fd30c-ab2c-4149-9a70-0d0193816fd1","2"
"7c31245a-0f7e-4791-af7a-f8b31c5d1f69","2"
"80fcb3e4-90c2-473a-b5f3-0f53634b5bc0","2"
"2a7903d0-c30c-498f-887f-1328fd282241","2"
"13644849-2f93-4f4e-a00f-517f6832da15","2"
"26e4ebb5-2c47-4098-be5b-061efcbbd918","2"
"e51f515a-5457-4dbd-a2ab-146e528766fd","2"
"eecfe3d6-6f2a-4885-a39a-b2f00abd63d5","2"
"97eeaa2a-2318-43d9-ac51-8a67d8271bbc","2"
"199c9017-7010-4f6f-85b2-e408436fe018","2"
"a5dda637-240c-4d7c-9b70-c5c9c90b4cab","2"
"6bef1f96-9018-4a78-bd21-3e8917fb1079","2"
"1dcdda64-eb94-4c58-9c38-bf11c890a73a","2"
"04e3f679-957f-4936-b010-5e2a87783dcd","2"
"a24029c1-9c39-45e8-aea7-9675cf1df0ae","2"
"55b56294-f7b4-428f-9c24-c3dfe94b7f76","2"
"cfd94558-d45c-4668-8e27-f320f83eabf6","2"
"ea33db8a-8a49-44a5-ba66-726810c11e39","2"
"5d8e989b-ae8f-4ace-badc-716009fb9720","2"
"3ca6dc27-072f-46ea-9480-eeb6dd566dd7","2"
"1a8a1ce7-f64c-4ec5-b339-03d947ea97f4","2"
"ced77cac-9ef2-477d-9e73-2165f81a47ba","2"
"ffdd1353-da93-4e40-bb2f-25bd0becfb5c","2"
"e31724f0-d853-4c0e-8e78-f960e4004cb7","2"
"0e53e43b-34dd-41ff-9db6-b06ba656cdf0","2"
"6ed0cfde-9581-40db-a46e-73e402485078","2"
"4b90b8bf-8017-4507-a10c-803ed99369a7","2"
"dde7834a-d541-43ac-a700-78a0208c7b33","2"
"b61a297d-3309-427c-9d7d-8c84952cb88f","2"
"d576bab8-e63f-4d9c-9ed6-081586b9aaef","2"
"c5d84356-4acc-4dc4-8083-3c82f7249bc7","2"
"f60722c5-20da-4435-8806-8836383c6756","2"
"24610575-3f2e-472a-b282-1e0f023ac843","2"
"d76d5843-b591-421a-bc32-c16ed7634998","2"
"c4a8dfc9-0cd4-4023-b646-93f4c7707d7d","2"
"e5f88858-8c45-4d66-ac91-9b9677b6085a","2"
"5161be5d-5817-4354-b7c4-cfec58265c28","2"
"0cb20eec-598c-4311-97d5-ef3315c28afe","2"
"80ad2a43-f793-467e-a801-ed28ae065766","2"
"8b5a10a1-6435-48eb-b71e-d73bf3afb2d7","2"
"af93db93-38f3-489a-8c3a-fb53b1b5bc28","2"
"e0f8eee6-2cec-4ab9-aa37-6776fb666548","2"
"266484d4-0f13-4fd4-9b2f-2f6a7aed6bb3","2"
"79bcf2cc-1e52-4d71-b70e-78aa2cf9fd3c","2"
"6904f705-30bb-47a2-9e9a-3cfb4a8adf93","2"
"6b7672af-8038-4e26-8bda-e27b7aa2959d","2"
"47d178a6-c1e1-4891-b5ce-38665dae9dd4","2"
"bbed2bfb-e78e-453d-914f-49904df23189","2"
"cc2417cf-8687-4bf9-a5e2-03f671a36954","2"
"a2e915ba-1229-4d05-9dab-f857deb98334","2"
"d9a867e9-c677-47a0-bd3a-a303ab2ffe85","2"
"61260f6e-d358-40ab-bb77-89dc995b0cb4","2"
"2edc0a7e-934b-4d3b-9654-5ba4b19ef22e","2"
"bd08349d-33ac-464f-ae6b-56cb11194ecb","2"
"a2e719c0-d928-4754-956c-493b91f13c83","2"
"f66eadb9-fd99-4476-8008-f5d8b22eb5d0","2"
"bcfd8b45-f140-4dd9-afc8-f3e6711411e5","2"
"a600b4b7-5d82-49d6-a762-cc9522fb5657","2"
"6477a693-6bbe-4d92-a814-872c9a4cd249","2"
"d11cf38c-dc3a-4a15-87c9-7d51b39ae29d","2"
"a8122e16-0777-4c6b-a14e-d3d76e0e9fb1","2"
"40ca688f-4cb2-4275-a716-9bd8e0b232b9","2"
"fdfaf7cb-8631-483e-857b-d9179b2190ff","2"
"89ff3498-d64d-4261-bd0d-6b401cb18739","2"
"ef4db5de-072a-4cc3-b7bf-0677c66fc1b5","2"
"56543783-8da7-4597-a0e0-46ae02741b79","2"
"0afc0c8d-539f-4a3a-8330-d91bfb582a35","2"
"fed9c370-cd76-4fd8-bc9e-263e62f4fb22","2"
"aec8e51a-4d39-415a-80d4-021a95f30325","2"
"6f5b6c3f-88a3-40d3-a214-44cd3d8b0f75","2"
"8a7a9110-3410-477d-96a1-c8a798dea4e1","2"
"2f7fe93d-4334-4648-8e0b-5289885a1f0b","2"
"6888c35a-26ba-4b72-9b89-5f864a6947ab","2"
"3ce6e472-73ec-4652-817f-351bf271b9c0","2"
"dd6b7f72-c8eb-4084-83e1-faecf571eefa","2"
"e36370d1-bcf7-4849-bea5-d8cfd5f3c538","2"
"a0b82e4e-93ff-45a4-8384-48050d0df3d4","2"
"79a0fc2c-3a9f-4274-aed9-6e55660c1045","2"
"c4d41b57-1e3f-4408-bc9d-d245de229c60","2"
"eb33bd48-20bc-4460-99b0-92b3c437be7a","2"
"5386fa9e-5f46-48ca-879d-3af4b5382552","3"
"1c4dd42b-d3c8-4570-8e5d-b2b1d2452864","3"
"96ed0ead-324b-4b9c-a4a7-d829867b8d09","3"
"e6167773-3093-4bed-bdbb-a23271b1cdaa","3"
"9965315e-604d-44a0-94dc-4475cfeaeb5f","3"
"043823d7-4a31-4740-a62f-444ce45af58d","3"
"a736a1c5-8016-4a77-b54b-22e755a13115","3"
"99d36f36-f6b4-447d-a661-5f39828ba5df","3"
"187dc400-0c0f-4796-a2c0-2b868952c562","3"
"e31ca172-ff2e-4c26-8034-81b5a76f9fbd","3"
"daee74c5-c5fd-4196-9753-5f6882bb6f8d","3"
"e085cbad-e875-4815-b633-2a018549deb3","3"
"51511904-5066-45f4-ad19-e0b05c65f9d0","3"
"829e266d-93cf-4e7c-9df2-2bee88ed9c72","3"
"29090c30-9d7b-4b06-8df9-93ac1736556a","3"
"3f15416b-5cca-4449-a12b-355955ce3755","3"
"3b71530e-d2b0-414b-a291-5bc1d7f5b436","3"
"81dded1b-91c8-4400-a24d-93b91159f8e0","3"
"bef218d3-f267-4088-b255-63361d2d5a46","3"
"702ac296-5301-4f61-925c-542f0d615b83","3"
"f0921be8-3707-470f-a749-40b204d68de6","3"
"d436dbcb-94de-42b4-85a9-dce0fa22ad7e","3"
"906ff306-917d-45b8-bb6b-45b534eef13a","3"
"8aeb685d-2606-449e-8c12-179b3c635591","3"
"c5cd3033-e815-4328-a56f-c2f753ab0844","3"
"dcfaf666-d316-4fb9-89cc-7b425021bf19","3"
"78272364-6ee1-4812-9e3f-55b2e69042b8","3"
"a50e4fb3-8d69-405c-8069-591817437e71","3"
"8795d9c0-bf65-405b-8740-61799ea524c4","3"
"35931774-ce25-482e-bcab-4178b1c064e9","3"
"3e771714-1782-48eb-bb19-4bba48aafd34","3"
"775181b2-fe63-42dd-a16f-c6149726b04e","3"
"8a5e0403-d452-4187-9504-aca88080bc44","3"
"fc109ec7-47ef-4031-a34e-d68e29ced0fd","3"
"7186aa62-3933-4f3e-8c85-2d8a7a3f7ad1","3"
"ed445300-7904-4bbe-a513-f2d088f52b57","3"
"b9ceb524-953a-4d1e-9342-26c858dac5b2","3"
"34981e99-34d2-485e-9129-958dce93f14c","3"
"2e32c4eb-5bac-4564-ab73-11fd6e0a4b45","3"
"bd5ae5c7-e542-4fa5-bf9b-1338117b274d","3"
"9de5c8f8-ca56-4c99-aa8a-681234d4a2b1","3"
"a04766c3-a129-43c5-a547-e1ee8bd08807","3"
"2876df75-b8b8-4501-9e4b-1ab235077650","3"
"c2ff05a5-c019-469f-843c-957b98896ee3","3"
"cd340a6c-b268-4548-969d-f3820ae2ef51","3"
"2c2ab50c-d982-497d-9921-63428894a259","3"
"c7ca934d-e4fe-4e05-b66b-abd8cdd0f24e","3"
"f0ed83b8-d277-4a6a-be02-b8f93311f515","3"
"2a4d83a0-3234-40d4-981b-33a3a5f45805","3"
"36a4abb4-e380-4017-b00c-e5384da3f7ca","3"
"6e0423f1-1e74-456f-a6fe-8d0da1fc3cf3","3"
"a8221083-c94b-48c8-82ba-2327d539b19b","3"
"f38a52ce-84bc-4141-b208-604f56bc35a5","3"
"d870de02-856e-4cb0-917e-ea839e1ef137","3"
"7cb59256-6a6c-44e6-ad82-2a0d39ca35ee","3"
"64aca833-b76c-4aeb-8713-fe274427ab13","3"
"4c9be1e4-15c6-4d34-b8f5-be2828ea6a4b","3"
"e60634dd-7494-4205-a381-6531c7190779","3"
"97135693-a290-4d2e-add0-32f438363409","3"
"8e4c7d8a-9472-421b-9d54-21db88c57882","3"
"59ce481d-6f98-4341-8262-11a28bcc779e","3"
"fdee727b-5173-4103-9f65-0c98c11bdd8e","3"
"e5742dd0-019f-4f22-b6f0-d98a56803385","3"
"88232ab8-1d28-4246-b14e-cf5f272a31fe","3"
"e4a7875f-4bf2-4eb5-bd32-74e0781bdc73","3"
"8297c011-b6b0-41a7-a9fe-b1ba36e884ae","3"
"050c0cd6-d1a2-4718-bf2b-3a58e1e0a7b0","3"
"32deb09c-e04a-4f6e-bba5-5502a665733d","3"
"ffb93a77-0374-481f-9aa6-36d25979e280","3"
"11a7252a-f21b-4b2d-8227-f38be3b15280","3"
"0aa1bd84-9d4a-4095-af34-b13a7d79cf5a","3"
"0cda5ed2-704f-417e-bbd1-c01b62ced64c","3"
"82a7cc3e-6eba-45bc-9605-d13a9aed65f2","3"
"25022d8f-48a7-423e-aaaa-5eebe70f94ba","3"
"3930b920-d7e2-4293-8049-b0e85d9f8be9","3"
"d6d12a5b-b097-4e13-9999-46449af98d69","3"
"8bab8f68-84fa-46c6-9f8e-607761b3d569","3"
"e9bde6d1-3672-4339-9c4b-844aa2fe23d8","3"
"ea2c7dd7-3abf-4d65-9570-a7b6d725bc8b","3"
"763d836d-a3cd-4dcf-9f7a-b024e95289e8","3"
"0f665f85-ecce-4bcf-995a-ecdfeff9e2e4","3"
"0f17cfbe-d2a3-4943-8124-b74b831c64ca","3"
"69a21667-04c3-41e3-b328-da9eb1d06efa","3"
"2d4c5360-83b8-4869-b556-e808e9c39ade","3"
"1271c673-8e86-4b3d-bcb0-aa94cb50aad2","3"
"79a2d8d4-e92f-4c37-8424-7eda52cf469c","3"
"89981586-08a4-492f-95bd-de6d25c0f50c","3"
"6eacf24a-f73e-4af7-b4ac-df3b57ec99b9","3"
"5f7fcb84-ca08-46db-b6f5-1c1f8221d41e","3"
"6df38990-450e-4efd-9c55-8876d76f5ed2","3"
"9881b231-5769-4076-ae9b-338e82fb5ec1","3"
"8259f552-d789-49f3-a6eb-22634a95ff25","3"
"5ec07aaf-1828-45f2-814f-73a327a07c6f","3"
"936b7943-21fc-4f68-aab7-fef42db51a4c","3"
"69b85d7e-6692-4f41-a75c-db335928e9e1","3"
"ba539dc0-539d-4cb4-a982-925ea8003bb0","3"
"f5a56b26-4e68-4652-b72c-915641ffced2","3"
"e10ddf45-a04c-46f8-8090-1a292262707b","3"
"5fdb4df1-765d-43db-a803-7da65a448c0c","3"
"38bab1fa-3166-494f-8c02-7733d36837b9","3"
"4bfbdc28-1b02-4294-a435-7f9b1bc81ca6","3"
"e4247918-ae9d-406b-94d8-99f3f223fcda","3"
"6d624b59-9c11-4359-87d4-2574e39e45e7","3"
"6ee0737d-a96a-46e8-b85d-98ac87502960","3"
"bd20dc5a-deb5-4714-93ac-9c833b3af417","3"
"1ed7a796-d009-4ccd-ac4c-4d27614059c6","3"
"4ae57a0e-8f49-420c-8cb2-2d9a04c54b7e","3"
"6943281a-b60a-47c2-84c9-a7ad401a2190","3"
"5deea528-c3ba-40e1-8076-1f8071fe67b0","3"
"cd879bb6-8dd7-4481-94c6-d6a32f11d4ff","3"
"511bdad1-e3d7-42ff-aebb-f897af39187d","3"
"6ac92d8c-21f0-4f9d-9c17-397e540f7be1","3"
"c141f8c5-5c7e-498e-98d0-e2ece0d67543","3"
"eba43481-25a8-4842-891b-dc12d1fdcccb","3"
"c41f1724-c035-4e0f-a648-5f2f90e073de","3"
"106820cf-01b5-4d25-a539-eb37b3218ead","3"
"571cbc88-756f-4e4f-b161-3047140ae429","3"
"833294bd-1010-448c-acec-d8ddcf86a92d","3"
"098896aa-b2a9-4331-a2bf-4ddb98b72499","3"
"0972b43b-db5a-4648-870a-0008323c9884","3"
"29a120b9-e4e5-4fbb-b289-7b9e51863ae8","3"
"ea902b98-18b0-49a8-9b68-2e13e2cc7fd2","3"
"ac36a3e3-5104-49a1-b33d-f9b3b1059244","3"
"fad4216f-2058-45a6-8d9c-69536509069e","3"
"1976b47b-f541-48d8-a341-6a61dfc22f78","3"
"70cfd30b-97cb-4e6b-a57b-84a906dd8273","3"
"d5ba629b-a189-4430-a099-72d345e46ba5","3"
"acb8fbbd-4a2a-45ff-b5a5-4c33e51a045b","3"
"e11556dd-2c61-492b-8f69-587250dc4c9f","3"
"7266e248-49ad-47c1-9c3f-d7cf28981408","3"
"67449775-540e-429a-9dda-196abbfb81b9","3"
"ad236c0d-1c78-48bf-b357-840d3154c85c","3"
"614004e9-4476-4d26-b4c6-85c750f56551","3"
"ac87b6c6-f040-4a3e-94d5-2c15b193da11","3"
"63ffaa59-bd85-4f26-ae93-84b65b0c87fd","3"
"d5510644-8ddc-49dd-9820-a6c560d155c4","3"
"dde63a43-41d4-4d6d-9586-cdaba482ee2d","3"
"0c90cc28-8580-4413-8922-e3db6cc6d901","3"
"448e7b11-4f7d-4ede-ad5e-32467d0ea0dd","3"
"bdd83623-8612-4a9b-bf44-3197594b371e","3"
"a06fa279-02e4-473c-b756-03cee2c1e4f5","3"
"d60d5adc-2907-4688-bd3a-bc209d6852ac","3"
"bf9eebc7-f1f7-49c8-a883-c1e21adbcdba","3"
"19db1223-8e58-4287-9bf7-152af255a066","3"
"cf49ebb1-b9f9-4f93-9a82-db9b6fdc4883","3"
"d3e46d12-d342-4486-b90f-c1469b98ebb9","3"
"ca19aac1-4f9a-4e10-9d04-fe7742867747","3"
"b0cba62d-6ce8-476b-9178-259af5ab0989","3"
"469932a6-698a-4463-8fd7-38f82707f834","3"
"b6f51055-ad3d-41f6-bd6d-5bdae0815a0e","3"
"f941c489-22dc-423c-accc-583133635dc1","3"
"c70d9100-2c4c-4a6d-a3a4-1b1719b69bd7","3"
"d751ba50-be49-48d8-9dee-47f352084619","3"
"263a6966-67e5-4644-8fb5-f553425df2b1","3"
"d7fec136-c250-4650-9733-eb983b7b12dd","3"
"8354fc51-55db-4b53-b556-e66e4a3af637","3"
"5a9f80ed-05c0-4aaf-9145-b8e1456b6cbe","3"
"cfda971c-2888-4cd7-bc87-f88a5b32bbbe","3"
"34922569-24e0-40e2-b141-61985520b9e4","3"
"d2b8a4b4-7def-41f0-a935-5a644b70616e","3"
"76b26018-fd91-4274-9524-01447bc63790","3"
"28901dc6-cf15-41e6-9bf2-e0adcb7be0ff","3"
"f7cb5cc6-c50e-40cc-b877-0dc2adba001d","3"
"fa21eefb-5695-449a-9833-dc9240764e69","3"
"62685d6c-3d43-4d1b-b318-7997928579c7","3"
"4a01cfd0-3961-45bd-aa6e-6cefd047ec7b","3"
"5e0a2062-5cda-4d07-bfbf-b487222be6e1","3"
"afbf299f-845e-4247-bfff-25ea383e4472","3"
"280d4c98-bdd7-4544-9d29-a2c87e1c9504","3"
"28442601-3ac1-4a4e-8755-ba3c5464a04e","3"
"0b734fba-1f33-48a3-b5bd-4828112e9c1c","3"
"d836db19-49de-4e29-8eb4-875617dc873d","3"
"400780bd-b19e-4a1d-87ef-37317cd7b914","3"
"ae352318-fdb6-4473-9d45-7c736a3e8282","3"
"39f03486-afae-4e22-a551-8df4099d3d20","3"
"aef460c9-6c6a-4b43-aec5-4392680e3a08","3"
"d481ac7d-2eba-40f2-86e2-ccbfc5555534","3"
"ad8350b6-578f-49f9-85a9-073338bf3b03","3"
"c4aa75e2-5140-47f3-b9fa-7293ee277760","3"
"b5b7bf57-09a3-4d44-810f-8724721117e4","3"
"2a3dc4f5-3c8f-4195-8d8a-01df71788d78","3"
"17b3d945-dd0a-45d5-841b-da8cf878e347","3"
"21330aee-6cd7-41b8-81fe-edd05cf8046b","3"
"278fbdb2-f4ac-4257-a62c-7874d764bfbe","3"
"42b14676-b3f7-437b-8ed2-eb4f139a5eca","3"
"2b7e1568-cac4-4672-90bc-a4c05e628919","3"
"e27dc1de-2b97-4e4b-9c8b-a730180d670d","3"
"8d0d2caf-5844-4066-a405-820ce13e4434","3"
"7d4f0a6e-9702-4c4a-aa66-d14b8130fd51","3"
"ae402c1c-2573-443c-86eb-09748323dcde","3"
"8407faf4-35cf-4221-b512-389820e87ab7","3"
"ab7e89ad-a10d-490a-b13b-efb80b174126","3"
"d7c73f26-864d-46d4-a0ba-eca2a9297435","3"
"64a37d76-c63f-4146-b073-9255062539d0","3"
"b027b587-52ba-438b-9bbf-f24f5a9decb3","3"
"dc7480a0-7623-498b-a81a-2326f39d100c","3"
"f85e3646-cc04-43bd-8c60-f03ac3503df0","3"
"3a77c25e-b870-4f6d-b23e-a921e07cb533","3"
"819c04ba-ab50-4eca-b57c-29d89911c2fd","3"
"7243ab4f-8aab-4ba8-88d8-c5f2bfa5aa63","3"
"1ae63b32-a9a9-4dd1-a2c7-843f73348a81","4"
"9c092581-0167-4ba1-9e26-9434cf5b54fb","4"
"5c09edf8-1655-4a60-8beb-67079c98f5ff","4"
"5a1143c9-6948-45ba-84e5-2d0038b0e410","4"
"d8241fcb-b09b-45f2-8774-d49f90cb4e08","4"
"2f959b57-61c7-48f6-9bfc-a7a9c3746b6d","4"
"9b3021d6-d5fd-4536-9717-ce303944777f","4"
"3e755362-d3dd-489e-953f-56967b7dba2b","4"
"f99d9ea2-2022-49d3-98dc-d7b486691b22","4"
"b2fe1a8e-4355-4d16-9918-f639b7bac967","4"
"bde5ad30-020d-4c89-8695-f5695d3e92e5","4"
"0bed6ec5-da26-4b6c-80bc-0b6d19ae165d","4"
"2ff8ff7f-371b-410b-8048-b87214ebdc95","4"
"a9fa5254-5b9b-463e-aa04-d5b1967e93c5","4"
"98251f33-484c-4a7d-b933-61285879ccf5","4"
"c0cb2a2e-78a8-4d46-8938-aa152c027135","4"
"1bc70e22-6a77-45ea-8ef2-99831fb58c64","4"
"2e02705c-b339-4a40-b343-278a59564044","4"
"6b03f380-be36-4925-ba0e-eb37b36669a5","4"
"bac833ce-b268-4a20-88f8-de1e5b60ff7c","4"
"77b9a2bc-3631-4330-9b0c-25eec95c0463","4"
"c7fac296-cd38-43cb-8095-41e3c4c02787","4"
"0d1073c1-321f-4087-b416-a840a8c1dd14","4"
"44eeb53c-e272-4db3-96e7-7efe24a68bac","4"
"1f741b26-f029-4d77-b53d-64dd92e2c771","4"
"411dfe11-9782-4d8d-91d2-73b06d311abd","4"
"b5205408-aad9-494f-9c1b-a3bfd470d81e","4"
"0449a9f5-2ef9-4816-b4e7-2ec151077e6f","4"
"bf7552f1-ce98-420b-96a4-77b5387ae38f","4"
"d005cdd5-07f2-489d-ab73-ad1dafe4bc7d","4"
"f405d772-0afd-4342-9c06-cc040fccb232","4"
"220a6cef-b1f5-484f-a505-c6d2866bbadf","4"
"d7165fab-d832-49b9-9234-825687e6d60b","4"
"1d8a5b88-542d-4ce3-8c80-ed685b06f34e","4"
"7d4afdfe-9aad-4c08-ba63-c609eeeac197","4"
"57c499eb-53e2-47ff-af4e-5330cb888e37","4"
"d68a96dc-61a4-4c47-8375-a37781662955","4"
"f19fe7e4-54b8-47ea-bc29-97e23516576f","4"
"18fd22eb-96b5-4592-9112-67b9d9e166db","4"
"f0a22ea8-5def-408f-a57d-fee943fa4b4e","4"
"4866a3a6-fcd8-4333-a92b-0f5d093e3950","4"
"3c9e7c0f-2e3b-4584-b57e-d2b0eeebf453","4"
"8b811027-83dc-417e-a793-83e8ede9a7dc","4"
"36535321-60e3-40e4-8b00-cf17428f35eb","4"
"8f3a653c-dae5-4278-96dc-150e337fb27f","4"
"9947f0e6-9a76-4571-a23b-343533555dfa","4"
"c11cf1d0-f55b-46dd-a17a-09aa1ec0c5e4","4"
"a9a2ba70-6745-4b09-bcdc-d6a7d70333c7","4"
"60463117-cfd7-49f1-bbe0-88d4a4c43918","4"
"2594da34-15e5-488f-8eac-014ac9567dd9","4"
"5c43cbee-e761-42a7-8494-e00de2bd496d","4"
"08b92ff3-67e3-41cf-a2b4-29973ea0edb6","4"
"aee24f01-7bb0-458d-8f1b-64c6de2a01a7","4"
"2d7130c1-19a4-45e6-9188-c50af128f896","4"
"4cc29022-f83f-4399-9315-6dbf7bab335d","4"
"4f734ad5-b4fa-4fd0-988c-cbdd97ae6fd9","4"
"91a13f0f-1b63-4038-81de-ded5dcab9459","4"
"e0f04c92-c6fd-49b2-a9ea-3a49d9f4be42","4"
"ce8f7695-cc4e-4058-b5fe-d316b67d1cdd","4"
"11bb4919-b585-4ac1-94a7-9ea5b972c5f4","4"
"026d307a-cda8-4dfd-a81b-90f58118e077","4"
"b020d8bf-1971-4feb-b291-c60039bf00c5","4"
"ebbd0205-951b-44a5-a45b-4f8de17b5d3f","4"
"62a36e90-5332-4fb3-8d36-834881332404","4"
"0956e72f-f882-4d24-866e-3f55c7bb2a26","4"
"d5ab5466-2c5a-48f7-8332-88a967a6776f","4"
"5bb0edc9-e6af-49f7-a991-52c24a526b25","4"
"2df2ccff-66e7-435e-9e69-0fdcd7401927","4"
"e732e708-166a-4850-8ebb-b0b5709930f4","4"
"78710087-8315-4792-a324-11cc5efd9f8e","4"
"a3e74ac0-e905-4b06-a42b-f4935fef10fc","4"
"30d1664c-695c-48d9-8f46-913066c823d3","4"
"8b783af9-db07-44cf-9348-3cee401e2567","4"
"8a209655-d150-416d-b277-cc7ab488baf8","4"
"87068894-7c72-47e3-bb21-dcaea5a1cbfe","4"
"736d4e68-603c-4f64-b11a-fb079aa514a8","4"
"98c05fdf-0606-44cb-b036-5e9f3dbb912b","4"
"ca4c12e0-1f43-4e1d-8bd1-523913aa6dbb","4"
"6ac6d723-00aa-4395-ab66-894e6f5c9005","4"
"d444fbf7-d8ba-4cb6-ac98-1e61441d1f3f","4"
"d9d1282b-b847-41e8-9e51-151e8355b1f2","4"
"5f08261e-ffa8-4eb2-a919-5fa16451116f","4"
"8b3b8a3a-c284-47f7-aabc-5594439a3167","4"
"bba19a2a-0d71-4235-89d5-61eb1219d64b","4"
"74c5729c-e79b-4d8c-a2f1-3c6f82423be4","4"
"b2f51c84-f671-4db9-a02a-ab5ea4797f9c","4"
"f4a46dab-6f46-4d94-95eb-88e0964f25ed","4"
"b4fff83c-a9e2-42cd-aa88-caee6ebf154c","4"
"859fa1e8-bea7-4659-89a8-7ebf41936c45","4"
"89221c87-da9a-4f33-8a99-e523ed4c4587","4"
"15d4d935-2eda-4b35-879c-8a2b0bb68e3f","4"
"07559321-d64d-4f43-bb7a-0c7948f8ad85","4"
"b3e57c01-fbd4-44a5-8143-4a343dc413d5","4"
"c0006677-1fa5-4665-98fb-08fd0f2c34fc","4"
"480d6a70-4aa6-473f-be1f-93c3458c413a","4"
"f8170c74-2159-4b4d-be2e-a68b8b268f73","4"
"019c2c22-03c9-430d-a3ad-404329b32f0c","4"
"69577b77-3350-42ab-a368-be47a87fd5a2","4"
"3024ac3f-e3d6-48d3-af2e-9df8cec91387","4"
"4f89cb9d-9cfa-4e37-98af-d527e5c50795","4"
"9a6a56d8-5a6c-47e4-81b2-0f10b24facfe","4"
"cbe7bebb-9974-4e7d-875e-35ae95ac1379","4"
"0c12fa30-3f6a-4d67-b697-081bc311bc1c","4"
"c1113c55-2abf-4939-b798-ae84f2b1c21f","4"
"98b6b1f8-879b-493a-a6cd-a33164c94226","4"
"649ac745-f140-46f4-8e10-640243048a9f","4"
"e1790b1b-4f86-43a7-a2ef-f6ef329526a0","4"
"75088960-f0dc-4aba-a0e7-a7b554aa4dcd","4"
"4e5e7d28-b2c4-4f96-9c85-c8e0c94bfcdc","4"
"744380e3-8ffd-497b-a508-f3d306e6c1eb","4"
"ef576473-22fc-460d-a81c-6bd31ff4cd5c","4"
"4458c25e-6785-4dcd-a99b-97b631628821","4"
"69d1d9de-b4dd-4a68-bd8e-168bcf7492a6","4"
"de1cf3b1-0fad-46a7-ab2d-9807c0b07508","4"
"2b4c5a59-f72d-414e-be9e-81d05b454bbf","4"
"2c4b3478-2b02-4066-85cb-67f7ead2241c","4"
"c8af97c3-82b9-449b-b917-23cd9eed9c6e","4"
"ee0c126c-e997-4279-95b2-2c5eea0b794f","4"
"414ab2ae-d83c-4c4d-ba49-8e8b5e2740b3","4"
"e9559d51-8ad7-433c-96ed-32105d7e352c","4"
"5040abe4-07d8-451f-8da7-9447686a0348","4"
"c1c2c719-3f4c-4e01-bf7c-fa560eeb3bde","4"
"d3c31ef7-94c9-4c7a-9803-8518ae45a061","4"
"4eca7a37-d007-4e4d-a9e8-10197e88cb22","4"
"bda24b94-ac7d-425c-aaf1-372277153957","4"
"81ebd274-9e36-46fe-bcee-4788f1101cc4","4"
"52f26a8a-7d3c-4954-8d54-2150da153b38","4"
"90f8db00-f99c-4aa2-941d-eb4c4caa4282","4"
"e0005917-d1e7-46de-bc43-4b0392d6a4ce","4"
"7adbd21f-c938-4b2d-bd5d-48234cf05fa2","4"
"7cfead86-5afd-4883-8853-d6ceff132639","4"
"61574b3a-0de2-4477-9f81-7866aa6ee636","4"
"b330e8f0-2ee2-493a-9bd2-fc580a99082f","4"
"c298e60c-a1f6-4e03-ad75-0aee5a71dd21","4"
"ddf62a34-0049-488b-b6d9-c2fdde7fe5b6","4"
"baa47e11-20d6-4f9a-89cd-969f212f5c56","4"
"9aa884ee-cc3e-45b9-b0f2-81e88fb4dd34","4"
"92a59d94-33c8-4916-8836-7815c6c0e67e","4"
"eba32bb9-40f6-4465-9f4b-733d217f122d","4"
"05e9756b-08c8-44bf-9162-5a88987ee675","4"
"129e815e-fd96-4448-a079-095f9b14bfbb","4"
"57cc3034-c62d-43a8-87c5-dc05ba7063e0","4"
"e0fcfaa8-0bed-43a7-bcb1-a6aca91c1bc9","4"
"e623f162-7f33-4642-aabe-f0464eddb444","4"
"bc840f1e-e29b-4c02-a731-60c3c092f214","4"
"345dc3f6-6bc3-499b-b314-a9fbdba0cfae","4"
"e04cc5e0-2617-45e2-995f-03f25996900f","4"
"a8e7bb21-d7ee-4c06-911c-7ac6b0e5ad04","4"
"8632e8ba-dd4f-4ef0-ba1c-f29aedf36ca2","4"
"9e741043-6a6b-4753-82ea-2cb91c7cd991","4"
"aea9fbd7-4ddc-42cf-994e-b0deb99800e6","4"
"3378d2c0-2f8a-4f95-aeec-4d668a2f0cf1","4"
"d63e66f4-6822-4a76-9fea-a0c8d4c6b336","4"
"9eab2b5b-3495-41d1-a7eb-2873caef485f","4"
"693e01c2-f43f-4dfa-8351-d27811d97b56","4"
"8e5a1e60-b636-4e62-bba4-5b447923489f","4"
"205189b2-07ca-4b0d-8cd1-caf8f5dd33e0","4"
"26d71bad-8cee-44c7-9695-07d1710ce71e","4"
"599c6664-9c61-4cc1-a4d4-d145e210aa83","4"
"4dcca2ea-d291-405b-9bb8-48fe104b9b2a","4"
"617443e5-a2e5-4bf5-95e4-f700a15072b7","4"
"a5dbeed9-a6f6-4e9e-9f83-1fcf26c7c9bd","4"
"ea6ac21d-8472-49c9-aa14-d0be4d41ddd3","4"
"3de53f0d-e567-481e-84a5-3d68b05ece3d","4"
"5036eeac-e78b-4d62-b3b6-c85022639e9f","4"
"6139cd56-cd93-4420-bf5a-9a32b14dfef3","4"
"9cacf370-ec0b-4bfa-b556-73e3911f8149","4"
"c0394e76-02df-435f-b12d-87b33f4894f8","4"
"42ccf273-ae91-49ee-a7f7-ceca55c15f28","4"
"4c6ab670-df63-4e4d-843d-3b5e20a689a9","4"
"b9708ecf-5118-4220-b8b2-016df41faeec","4"
"7bd6747b-baf0-456e-8012-06a070ba3f39","4"
"6863137e-293c-45b5-953b-b15e7be013b8","4"
"a4ff164b-f999-42ad-bbfd-864df4c81c58","4"
"3b689778-90c0-4280-88ea-6ee3e941ffcd","4"
"64a73547-d21d-4bcc-b04a-f5387985be8d","4"
"b57552af-7206-4ac9-90df-16f58c8d17c4","4"
"64847180-e437-424e-8862-282b6c762479","4"
"21d6f527-5c02-42af-ad49-2c15a70962b5","4"
"6136d0e0-36da-4c89-a9a9-a09cd07e5ea0","4"
"015f1e07-d392-4367-8e0a-8ff420a0511d","4"
"ccdc7c4e-35ee-4dab-8a08-715792f26e53","4"
"551bdb9d-4301-4e1d-bad5-f3bda1923892","4"
"c45472c0-8efd-4a4b-a670-83dec4df5ef8","4"
"2162aa10-4242-4e56-9c18-1d38a6225aec","4"
"1c48e205-6b4c-45a9-b143-66794df8d6c6","4"
"54f47c9c-891b-40c9-ad9e-e0be50f0940a","4"
"85461e39-efa4-462d-b860-a26eb89e7f96","4"
"9453ec99-43cc-4393-bf2a-e4c567cb68c0","4"
"c07d3c2b-8e94-4ed1-9bdf-8eb8f364fecd","4"
"88029dda-192e-4773-8e47-610bd12f4f75","4"
"6497154a-50d9-4d8b-8b23-99e6a9f8e3ac","4"
"5a51a18c-0dac-43a6-8b74-52f6b538ffea","4"
"4b1c0a4d-228d-407b-b883-81b01e695207","4"
"d7806373-73b4-47c6-a5dc-53c1ec559bd7","4"
"48a957f3-9510-49e4-80e7-73fb55b64739","4"
"c21177e8-1827-443c-a593-f6867d1a7029","4"
"160ba02f-0d21-461d-9200-131b7214d717","4"
"ed876051-8511-4486-8311-e5e7f0ed471f","4"
"2ef2424d-992d-45ea-b58e-63409793ad90","4"
"e0fa0da5-6079-4936-af8e-c9e4e45295ed","5"
"d85c33e4-1820-4b80-b899-87f1f50872bb","5"
"6193fa84-736b-4f5c-b020-60a72dce9d7b","5"
"e58d85a3-c5c8-4ac4-94cd-99d04d7df98d","5"
"b4f86f6b-bfd5-4cde-a082-0a52458d2bd8","5"
"d0d4e77f-4772-4bd9-ac7e-8c30fb44fdae","5"
"9b739e5c-f12b-453e-b3e7-6770a936226f","5"
"482eb94f-d490-4a91-adb1-5aca5f67e90c","5"
"e7b2de09-7a26-4655-9c92-d57db5250e1c","5"
"5b7fcead-4e87-484d-993e-af281fc0ebc3","5"
"dccf20e0-caab-4be7-b113-e9acba5dfa21","5"
"0e6f192b-5dd7-4b50-9c57-3a6e63a150fd","5"
"7fda82a8-4e9d-4b27-b23e-b90bd0d89c9b","5"
"a072e0f6-e5ec-41a5-a3f7-14fbd190a875","5"
"24c3bfe2-9c16-4042-bec5-b0a36d76aff2","5"
"75487b89-d942-4fd4-8158-1bb083bfa4e2","5"
"42e3454c-8083-4cf2-a9f1-7cf4c826f008","5"
"bd637d3d-a4b9-417c-b923-dedbd6cfa3bf","5"
"96eb923b-b4ce-4411-9c56-31be34b14f3b","5"
"7312009c-5a17-4236-8d99-23763152553a","5"
"3f887805-5e5d-43a9-b8fc-bf260f80b272","5"
"06f2a893-f318-4ca3-90ba-d3ec497887ee","5"
"ccebe110-43be-4886-bd0a-69e25d82b7be","5"
"92762c3c-cdd4-4f59-a11b-a7e896d173b0","5"
"96a06f83-01c5-4013-9ce0-72e6781d4b78","5"
"40ca2632-06b2-4e7f-a862-1b298ca70d17","5"
"87636d2f-aeec-4235-b900-7806f3b5de8d","5"
"6cc99830-079b-46fd-80c3-5f168eba998b","5"
"4772ec33-ae61-48bd-bc1f-758f8df3a624","5"
"7e98ee0f-4a76-4aa0-a60c-e45c69e035a3","5"
"0b8e0793-a21d-46ba-b07a-8b2444c0b60d","5"
"e9917bf3-e614-41b1-8f2c-59f13b7b4b48","5"
"08464ee6-5a9a-4a02-bb9c-8923c0ce98b4","5"
"8969f2c4-67d0-4de6-8b71-8da9c6d026de","5"
"cdf52ec9-99e0-4729-a24b-5da738e51932","5"
"ac76cb66-546c-4b44-8815-fb082f6bf368","5"
"e3c7e497-6458-4ac6-93bb-4cbce8406af4","5"
"9353163d-0b5c-44da-9e45-69e115ceca58","5"
"4da31e0d-d718-4858-ba2f-73f1d33901cc","5"
"be704772-0aa4-41fd-8ac8-3e26757e2a66","5"
"c5e917df-6968-4edf-9528-a0f05559e325","5"
"002f195f-f6f3-4ba6-970e-0afcc8c99350","5"
"c1fa60fe-49d9-45b9-849a-b57db239f008","5"
"412f4aae-3791-42b7-bee6-96eb9589a08f","5"
"509a4d54-0f4e-458a-846c-936b0ef34238","5"
"fc280b45-36a2-4169-949f-430465bdcc9f","5"
"0b0677ac-9a97-4beb-90ca-8fc231389b04","5"
"421bd274-e3df-4058-be8c-2d45955337ec","5"
"44c46330-7734-447a-a695-5e335e04e453","5"
"8865567d-21c8-4995-b584-8e4bbaa30840","5"
"c499cd30-6bb1-4099-88c2-989d2eb2dfae","5"
"3d5a4134-1250-4e73-804f-3bd749436e61","5"
"e5af835a-53e3-45a5-8f67-233cfe36103f","5"
"6b792df4-6a32-4c69-b4b3-78acf71388f9","5"
"dba5d9a5-ed4c-48c9-a668-782262896a34","5"
"feab8dcc-d7e9-4836-9307-6413df606b1b","5"
"a5a76d10-03d5-4cb6-9d52-d9fbfb80600f","5"
"9ae23214-c9a2-44b2-b83d-89b6e6d4c9ac","5"
"0bbff194-1445-4a9d-a6ce-e436051391b9","5"
"0f751989-8d9c-47a7-9861-73b012d5961b","5"
"0f9fea09-2dcd-4a23-9095-dd0d27f48829","5"
"4ca56a92-a91e-4ae0-bc9e-2e55bf2ca44f","5"
"74e2b697-1777-4cbf-bb3b-6b9cea04a30b","5"
"8571a6bd-a39f-47b4-aabe-72a647066049","5"
"7845c1fc-c389-436e-813b-4c2fa8a5fbe1","5"
"3b2f6eb6-4ac0-44e9-a652-a06b6594bddd","5"
"52b42a0d-b9c2-4b6d-8584-0c0cd22a2bd2","5"
"753f3d50-c54b-49ec-813f-f0db3c1fff7f","5"
"12bd5446-f2ab-4e61-83b1-4e0c97f75f63","5"
"c08de494-fcfc-4d9e-9c00-ea37cad8b225","5"
"61fc3cb9-b974-419c-8db1-3651d554a5b7","5"
"e42da17f-f100-4420-9f3a-3ae5d980e2d8","5"
"bf1df3d7-1c9b-4f2b-be12-7b40dc149332","5"
"5f4e58a3-bc18-4a5d-954a-4d8c860be7ee","5"
"010f03da-0d92-489e-9667-a52d9b4449a0","5"
"a1edc6c9-d76f-41ac-ad9e-d8224889057e","5"
"cae75ae3-d84d-4406-adeb-2e72b9dbb8a6","5"
"74986b9f-794f-4af1-8905-388ea7607dcb","5"
"4acdb878-edf2-4e39-b96b-8b555dbde872","5"
"b894b5db-1a36-4ef4-82f0-a30b3ce4adbc","5"
"11cfcefe-6f73-4810-8f08-5f7c214a0b06","5"
"52af6f92-572f-4a6e-9b08-e063c5cb0984","5"
"5549b6ca-dc1d-40f6-a0f5-0a0601e3c4a5","5"
"caa2d899-031b-4c5a-8e6f-028e280ac311","5"
"a906d948-3af7-49e3-bd06-1f169561239a","5"
"fed513cf-eb77-475c-861a-53741f38d5e5","5"
"1c89944a-9aa0-45ef-83de-152b3192604d","5"
"bc926a37-fece-4fb2-9ca2-6caed482ca6e","5"
"ad471370-8149-4c41-9d90-ec9c1259f69f","5"
"9f2e985e-4d26-48b1-8a44-9202bf6fb5da","5"
"f1642076-e798-4f77-a5e5-479fd0756a8e","5"
"9f1cd8b0-ad18-481d-a328-eacafe335b29","5"
"46eabef2-310f-4b3d-8aa0-cf6de537aeb9","5"
"2894e9de-ad48-475b-8c9a-0b5ff4c001c3","5"
"49132b96-ff13-4695-9460-ff34ec4b7fc4","5"
"fd414ffb-d1cd-4a1f-8f23-1592575eeb49","5"
"e76777b1-aae3-4649-85f4-ced64837058a","5"
"80a40e9d-891a-4c35-bfd6-da2788823e2f","5"
"1118c945-2e12-40f5-9ae7-9f4c0c3b5aff","5"
"6e3a5c25-4dfc-4d74-8506-79b6f35a334a","5"
"fcb0bb25-a765-41d3-a882-f2a943df6de9","5"
"ea827b61-ca04-423b-b640-206bebb11a0b","5"
"438637b0-7e7e-40f4-935a-3b6b2854ce95","5"
"8a5f5803-1279-4dfc-a256-52205dd15adb","5"
"6e08e352-6f18-4f6a-96ed-9f7ebb9a6a7d","5"
"a3266517-d76e-4cf2-904c-74efb724f299","5"
"32992899-f650-4099-9e6d-ec26a0cbb116","5"
"44c79427-ba69-41fa-9163-3239a26e6767","5"
"335ccf43-7165-4923-a788-a151bb1d752c","5"
"b7382bf9-3c9e-4420-aefe-2d91343b2d51","5"
"cfdc0156-9751-4cbc-9ecb-d3044a605fe5","5"
"0672ff97-90d2-4c60-aab4-9795fe2ce073","5"
"6b037df3-24f6-4559-89f6-f75fd96206ce","5"
"fe63feeb-9e71-4f73-b699-ca025f139e49","5"
"539bd424-fe24-4a73-b6bb-f679dfbdc9fa","5"
"c49a3919-ce91-4507-8a46-272aacd2af3c","5"
"949e6b3f-5da4-43c3-887c-d7e211646cba","5"
"e015de47-a260-487b-a142-f67f550cb435","5"
"3c4e6c3c-f300-4e9e-9780-394b2526f1d5","5"
"5a4df20d-1a22-4299-8f5f-37712f63ef76","5"
"00689399-b037-4195-9d87-30fcb7e513f0","5"
"672f1149-da55-459f-b4a5-38537e04f6fb","5"
"c7de25cb-eb6b-4575-8486-12f8583ab29f","5"
"6423da07-5e16-4e35-a934-b1dfea2a2030","5"
"f75f5aae-5e1b-45cf-9c39-cb8773660290","5"
"2f575c60-39ae-4f9d-a4fd-5137e8cc2191","5"
"6b13bcce-11b4-434d-8b81-5576cc383845","5"
"7488a3b1-08cf-4bb2-a7df-a9d0fe0f7707","5"
"7b47155e-1eb3-44ae-9917-9c7392746136","5"
"8e4dcefa-d053-4c06-8812-ec4bbd462cb5","5"
"b1d4359e-c5b4-4686-b065-b947a3cc5e7d","5"
"78d72554-6fa3-4bab-91aa-b47f30b28727","5"
"c6c5111e-957f-4003-a756-34db04154a1f","5"
"a16ce297-4255-4cf0-89ac-c4f964a01627","5"
"bd85b1a1-2ec0-4edb-b0fb-1d2f4fc2f418","5"
"97000ca1-cf5c-4f2f-bfb5-455a10778995","5"
"4518e73b-247c-4aa8-aced-dba23644e7af","5"
"f15dcba2-7d02-433b-8d86-3e3cb81d413b","5"
"82303956-6573-43fc-b5d7-46cd081d56dd","5"
"bd377a7e-4425-4628-b76f-6e396922dc24","5"
"bbfe239d-8108-4587-9b2a-4a6077c8d650","5"
"d880b4ee-f4e2-47f4-8385-90819a14ada3","5"
"4cd41517-b5e2-4518-8af8-cddb384efddf","5"
"fbaee7c1-f1ae-4934-ae6d-709ae89ed7c6","5"
"b84f5c67-b586-4738-85b1-34814e38e2de","5"
"b66f494d-976c-4438-b6da-481a6a2c9207","5"
"397c09ca-9092-4b3c-9f05-5108bcb441dd","5"
"274d3bc2-415b-47f8-b8bf-55f8f1a54aa8","5"
"39d0aa80-6a31-4956-a74c-9898a8cd2d68","5"
"ba75107f-3bd0-4ac7-a8be-0f703ff5630b","5"
"4d591d93-3bb8-4047-aeb0-a601551f305c","5"
"bcba0b97-e31f-4a8f-9d3b-93dbb612be41","5"
"478c4c0f-906a-4211-994f-cfe4f4891cb5","5"
"a56904e1-2c26-4ba0-89c1-636ebe96be64","5"
"f87cb993-e6fd-41c7-9754-ca54d253afa8","5"
"e99acc56-190d-452e-aac6-197ba883bba9","5"
"3be27e67-9e8a-4763-8116-c0219e5055a8","5"
"e2192ab3-9ad9-4564-9a1e-5d2e7c818eba","5"
"72fa9f38-e2cc-4f80-8aac-653babcacb3f","5"
"fa556312-dfd5-4acc-9d3a-0cd71d0605c1","5"
"3225089a-fda4-485c-b29a-941e44aca78f","5"
"79825685-47e9-4c9f-9cec-18b60d3f27f6","5"
"962a08aa-2ef7-46ad-b015-1b0aa5b78195","5"
"889b6dc3-22c3-48d4-b597-67982c10a29a","5"
"2cb0c10c-7aea-498a-9674-93380d1bb859","5"
"5a9b84ed-4926-4a4d-9b4a-79c12dddae12","5"
"690449be-8c21-4914-9276-06915e51ed78","5"
"048ed65e-6c40-4999-9715-7a87d23c3fde","5"
"1a2cf3be-4c34-4f29-a80e-f1f19348ca9a","5"
"a1ce000b-36ff-4180-ada4-cf2137f34117","5"
"18197dfb-a23a-4002-a0c0-403a6d43c2ba","5"
"9a13c369-edbc-4f7f-8e85-2057035293fc","5"
"6bc46ab3-16b0-4e75-b8d2-0b90abb2239e","5"
"1e93868d-0755-4bff-970b-fb5cd1aa0cf9","5"
"f9874761-b83f-4612-934a-453969e0d244","5"
"319c8c79-cb96-4f94-bc2f-4e2d8f24ec68","5"
"dcfb229e-98c3-4fc1-806d-e1f7384481e8","5"
"5aef4501-f768-44e5-bb99-cea0827bd595","5"
"a17a6367-bbb1-4d05-b996-4c551a476a73","5"
"f53cae1e-0d66-41b3-8c9f-04c849503b62","5"
"ff056c8f-719b-49ab-9c47-3c29a2d46a59","5"
"7ed52985-b89e-4f9f-b81d-dc291437a018","5"
"cbc75a1d-9300-43e1-8549-1c16130a927a","5"
"12b71675-cfed-4021-8cec-4fa4c3d8bd79","5"
"7980ecda-3968-476b-a776-a790cc2dd5bd","5"
"af0a778b-b43c-4f3d-86fb-50736eb653ac","5"
"218cbcc3-217b-4a1b-a096-a0cdae3fdec1","5"
"5f5e8898-034a-4139-8463-514338abe053","5"
"c288bb26-073d-473d-9f75-525d8d3a96cc","5"
"c1678c26-ae8e-486f-aabe-d35013113090","5"
"700a1741-c201-4caa-a2c2-8bf176b0c428","5"
"04c9e505-2b5f-4b0c-bcc4-e075b22eecde","5"
"d095d75c-d773-495d-b725-0b0148e24dfb","5"
"2b06d4b6-f8a6-439f-b8c3-209c7dc9e70e","5"
"d8193bac-6e0c-4e99-aa42-926d04d4c616","5"
"30856ca7-2e41-4dce-8cee-3bc4f31313f3","5"
"4912848e-bcd9-4294-96e6-729a2bf852cc","5"
"74894a34-8530-4014-9c16-b273eb68c6c1","5"
"382767b4-570c-437a-96c4-5bda9cc2e4a4","5"
"358e696b-8ae1-4a71-ba2a-855730d08332","5"
"9f329950-9108-4132-9d52-5ec471f39ab0","6"
"c9f67a71-1e35-45d3-871e-96cb4c8cad2b","6"
"ba8194a6-e76c-4eba-9cc5-10dbec270e58","6"
"0f94033c-01fc-417a-8326-49dc0a8815fb","6"
"8429d73a-b686-4b55-9976-780504d3bc74","6"
"786c38ea-4816-4014-b9a5-78e214858876","6"
"c89e656c-e9a3-4c25-8243-4d1bf22f6428","6"
"70ffad93-ce6f-4053-87e1-5e0e0ebafa28","6"
"462e0098-2956-43e2-88a2-5a21848470fc","6"
"0a708aa8-3937-4b0e-8844-8015a37244d9","6"
"cd740ff3-1b0e-4c55-98a9-6c37928126a4","6"
"4df4a947-fc29-4fbd-91a1-a39eb2c02017","6"
"c6e9fab7-deaf-4f91-b07e-45d4e89ddd2b","6"
"9bf3d90f-eda3-49b0-ac5a-b5bb13fd5b44","6"
"f6a8876a-99e0-4579-a8c9-c581497a1406","6"
"f974f3c6-9e41-42f6-a351-022cf986110a","6"
"8bdccd57-fa5d-446b-a819-5a6a8628936e","6"
"40eba9c0-814d-4ec1-8c04-9cc51922a3b8","6"
"1a9ee852-2f55-49b4-beac-15dd0a67328c","6"
"8f0b5c8e-3f1a-44ad-8938-ea29b5bf9976","6"
"257fec2b-27de-4664-9368-8d2915c2fdc4","6"
"9a19ec86-25ca-4944-bd9d-f78f594d4ff1","6"
"764a31cc-4ffc-4713-9339-22d68343d041","6"
"9bbb12b7-0c8c-4f62-aca0-dc81e56ba856","6"
"390d4736-2994-4102-969f-5d6c4ce572a1","6"
"cbf31816-3986-49f5-a9c8-d8b8f563a9a1","6"
"a71bcce3-e582-41b8-a861-7c41cbb158c7","6"
"4373db41-7ba6-4e17-80ef-e342e1de23d6","6"
"798b3db6-0faf-48fc-9ecb-40dffeb8ed69","6"
"efd9f027-9326-481d-b932-7be80ddd4016","6"
"d1768fb7-9290-4219-a46d-4e767a96039f","6"
"28c55f76-56ae-4806-a7d7-93ef2440df2b","6"
"4528f77a-83ac-428c-981e-db45b87599a1","6"
"b838932f-0e95-4aff-a356-0eb4a2e5342f","6"
"f5b555d6-fec7-410d-83bd-3c2188905a35","6"
"9b198ced-6d80-4d79-9cf5-7fffba76d5e3","6"
"535e63e3-03a3-4a78-9aa7-1423a14f6183","6"
"6fd0ed9f-a02f-4600-b52e-d7b1d5ea3fcc","6"
"daccf021-f871-424f-9da2-21ef0c541ef7","6"
"5063d666-bc59-4aa8-a966-ad4f5be98fdd","6"
"b369c1a8-7c6b-4803-ab32-02fc77cc4073","6"
"0556aed7-9756-4339-a5a9-cf1048546b21","6"
"944b0123-86d4-4dbf-9ecb-97dd031182fe","6"
"a97ee186-a021-4217-81b1-39842da2c96e","6"
"f5ddff0d-8ac2-47d5-8d08-dc2cd4222d83","6"
"34014170-18ce-40c4-a550-f477075fb37d","6"
"2c5f610e-9bbd-4870-b98a-8f384741b746","6"
"71ef9c08-d666-4d85-a5cc-020a71e5d824","6"
"13898262-f85d-42bc-ac4c-dbb1ec016ddd","6"
"b48cbd34-08cd-48d0-bdf9-f469c89b5ccc","6"
"fd772ab0-9532-46bd-828b-29a4f9285247","6"
"7e67465d-233b-4645-b474-085c4e978d6d","6"
"562654f7-16c6-4dbc-b48e-3301968a0601","6"
"6ea8bd86-5ea8-4903-a10d-430ebbf95400","6"
"4419773e-44b8-4702-90d0-6016581c28eb","6"
"08b2a10c-d557-410e-9786-d0174d55b7f2","6"
"1aa19b3c-2256-4a0f-bef4-18bb16ed2d82","6"
"dce8f161-f40c-4972-8611-a0fbf3fd09d0","6"
"73d49505-4ccf-4c9a-ab03-0b748302a5dd","6"
"8d4e92c9-bd68-49e7-bf67-d7af704fd907","6"
"ab319884-e470-48c3-80bf-2148cac09e51","6"
"72a4e6ca-7802-4593-9ba9-6bad80695065","6"
"effd5668-ece7-4403-b6f6-03c8b83e8679","6"
"a05e8e24-fdea-4327-a539-ba53e2e4ea96","6"
"1b0fe350-2cb0-46bc-9088-9cd3c72273c3","6"
"d973ecfc-b351-4b09-9f1a-a5291836fd10","6"
"7974986c-fc6c-4f79-bde0-d27cf37add96","6"
"e628ea73-1a26-45a3-aed1-0285fe8d1f3c","6"
"b4508677-2aae-4a68-a427-f58a0f322a70","6"
"549f25df-7e16-4089-8264-e5c19409a562","6"
"fc87d8f3-69e3-47b6-aee4-67f94df352ff","6"
"c0354c1f-fdc3-4af9-b5e7-bb7c46cf77ac","6"
"b755b917-6ad1-4ed3-8199-5c0ef0c29b70","6"
"63061de8-3b0a-482e-972c-59318caef704","6"
"81146079-301e-42d5-9b08-39b642f966fa","6"
"77548b1e-e00e-45d9-9128-3d34bf1786e6","6"
"afdce81b-d327-4a41-a204-415a9ea6b9da","6"
"d653c150-d9ca-47b8-8756-ad9d75ccd193","6"
"e6495b09-ca6f-47b2-a79c-a57047d1ca8d","6"
"0a87296a-a877-4bd0-9981-ebac34e4bb45","6"
"a85f8516-d6b5-46d7-897c-edaf83a3315c","6"
"b15abc00-7079-4932-90d6-dc8facd5986d","6"
"685ffbc3-71e0-4eb9-b853-eff8b69ab147","6"
"6e312649-d7dc-46d0-8cd6-f6f01dd835e2","6"
"b504e6df-8db2-4244-8256-b333ffafb386","6"
"6ad6bde1-9580-4a96-82e9-6238d0011ed1","6"
"0f163c01-80ea-4391-b55c-ef9fe7fa86f0","6"
"b10e1213-8e0d-4f55-a98d-522be48b9e86","6"
"54d628fe-da37-4a73-abc7-5adb74ef8c26","6"
"b6d080e5-07da-443d-abc8-ed50c5c6ae29","6"
"9cbb64f2-3b13-44d9-92f2-1d0bcbe64544","6"
"3bd21645-085a-4fc8-8b2f-970b22e6da4e","6"
"0bd14d8c-b8a3-4500-8605-4d40dfff25c8","6"
"1efea705-0f50-4cd3-9c7f-7670a86a0a94","6"
"6d0100f7-1b27-4588-8a14-91e14a4e8cbe","6"
"4cefb3b8-a524-4f57-bc41-2fbdf215b907","6"
"14448189-734a-4b52-a8b7-09438837a9f3","6"
"4aef744a-4e8c-466a-af0d-c42073eaf806","6"
"8b0441e0-92be-44cc-85ac-4bcdf09d0ce3","6"
"1d777eaa-613d-4cf4-8172-6982c9dab951","6"
"6bd9735e-b577-4030-b5e0-1a1aa88d0ad0","6"
"e14df408-c69a-4ec0-b319-6c9480f05f2c","6"
"816e4650-ee9e-428e-9d27-f5c8e71cd3ac","6"
"cab20e17-2c50-4f89-a8ae-e4476c24f1dc","6"
"522931ae-b674-42fc-801a-a4b20584d8a2","6"
"3c522aff-120b-416e-a85d-efd77cadc85a","6"
"b7c1cfa5-4366-43bc-a21c-dcf318b8b179","6"
"577f2206-1123-48a4-9de2-851b08319744","6"
"e993c8ef-1e4b-4380-a333-183fa571d8cc","6"
"3ed9097f-0d70-44f4-8811-98a6ec74102c","6"
"2b771972-124f-4914-9b10-c73ec7b10dc8","6"
"90ab11a5-a07a-4643-9e99-0c14fe2a390f","6"
"de6891b4-211b-4ca9-81e6-e394d7136e50","6"
"28f5645f-8783-4f67-8b6a-c0e3ec626785","6"
"a78f1e8f-5cbd-416f-a603-b08a62f8853f","6"
"3543c46f-bdff-44de-9a0a-b3ee72385b54","6"
"e70f157c-45fa-4688-98ee-e81ef3a2d71c","6"
"598f9479-5367-4155-ae30-46a62b4eccae","6"
"4de6a798-a12e-4259-a8c3-00b862de5961","6"
"437f8764-eb4f-4d14-aaf0-0c05271714aa","6"
"cbc9bf5b-1a47-4582-b142-69319ba07514","6"
"e2b2159b-82d7-498d-8d3d-3311c0215313","6"
"d9df9c6f-e1bf-4328-9612-2fac1d2c5010","6"
"31a5a580-cca8-4cf0-b055-7099fe7f42e5","6"
"74803f44-6223-4eef-b238-752a5e20ecb2","6"
"b9b89347-73e7-4bb4-a0dd-2215afe5de63","6"
"62552710-da0a-4e96-a388-58d75a09139e","6"
"07af2b23-bfb6-4fc1-8f4e-31b9773ae6b6","6"
"b430112f-c176-4e09-ab32-e8bb8a2cf571","6"
"94fdaf39-6168-446e-a773-6b361263e157","6"
"a5a39bc1-d4c9-4669-b209-af18c232b757","6"
"007c7d71-cfdf-4b8d-b109-910918d0fd5b","6"
"f096b84c-887d-4e63-810d-cc9c72a69b96","6"
"38cb1eed-0949-4a4a-a11e-0d551fa035ca","6"
"12d3bcf6-1b16-4748-ab3d-80a7b6b42397","6"
"0980ad9e-9032-4514-98ff-411ea2735e55","6"
"bb5473b4-1fbe-4add-bea6-c791a418382c","6"
"bb2d53a2-c460-44f9-be25-3299f199ad35","6"
"80aa73ec-cb3c-4abd-9aa1-ea109bc20fac","6"
"42391c2d-2b98-4e0e-8523-d28a1bbf7568","6"
"aa10fe68-8023-4a26-8d7c-e8dc83c456d3","6"
"5006f897-c160-4938-9f18-739eebc28627","6"
"6afb57ba-52a5-4026-9a65-5c4d1fb8e8e1","6"
"ccca7b67-7417-446c-b592-c2b94b87b3b9","6"
"86162921-cc71-46ed-bbf4-ce2245a3bd24","6"
"e49791b8-8ee8-456e-9934-68a08c8cd1e6","6"
"c5ba1e1a-0d5d-4e10-b0a6-7830ee8b598a","6"
"d15869d7-eba3-4040-ad50-f1c94ab19fa7","6"
"4070d679-d9cb-4f13-9fc3-9fece03becbf","6"
"3a570df4-1148-493f-a46e-c163f46c205f","6"
"3fc275f6-8770-42b9-a2e0-ca04729bf54a","6"
"0204c42b-f076-488a-bb1d-779af08b7ac9","6"
"be4e3eaf-0ee3-4c4d-a1c4-8d37e5206228","6"
"ff27cd3f-3bd6-4bd4-b771-97efc25b7f73","6"
"2e4a662f-9033-4ed3-bb12-5e9314b12762","6"
"765a7dff-537c-401b-9194-c974be8f6662","6"
"8757109e-9484-43fb-8ab1-ab09c68d3c1d","6"
"643b03d2-eeda-44bc-8bad-8bca864951ce","6"
"bd1e5a58-1535-46fc-b401-bcf923bbcc60","6"
"80c810cd-58f8-4b45-838b-5e44f8659d32","6"
"ba176695-5437-444c-8c2e-4842c02e2852","6"
"8f1ffb33-83cd-49d0-8b07-15c28102eedd","6"
"f72780ba-7b0d-4b37-b124-73b34183a405","6"
"6a7f05b6-03b3-41ff-8566-b6c1060a2b3e","6"
"1ea7a42f-0d18-4ebe-aa6c-835b0188d1ae","6"
"18fb5f91-5168-44e8-8c08-16a6432103bf","6"
"8c457cf7-dfb1-489a-9ec2-c3c5ecff5548","6"
"cda5622f-4465-445b-899f-32608073c7bd","6"
"15e4225f-5f40-43be-a973-f76399d0a155","6"
"ac9e6709-0cb0-4b04-973d-ec73107ca0da","6"
"77fcfa9f-c051-421e-a2f1-370f543b9b06","6"
"7c8060c0-9d77-4af8-b3e4-50958e8e411c","6"
"dee4d743-132d-4024-b595-4fef4f3b7064","6"
"bceef60b-ad73-435b-aaae-1e138aea5c89","6"
"01cf37e0-139f-4765-835b-011f6c148c55","6"
"2ce9111a-85fb-4181-8d38-c131dafbff84","6"
"ae5fa259-e695-4584-9450-b6a335e94eed","6"
"acfcfd1e-5d80-4aea-8a95-54dd32cd5ef5","6"
"82835ac4-3f17-491d-b129-376be42a1ccc","6"
"b8284f95-03c8-407b-a519-45b7b97693c4","6"
"f372fa5a-3a86-4499-84fc-42f933e2fbf8","6"
"4c7411aa-d598-4f4a-b7e8-1f125c75b4f5","6"
"261411d5-48c2-41df-b568-7550122ec016","6"
"78313ce9-69b9-4a6f-9527-9bb074201435","6"
"aa33c417-a9d8-4f55-8b4c-040ba4f07dde","6"
"cc9927cf-6c21-47f5-922d-cfc3afaf2f0d","6"
"7a614da5-bb85-4b90-9fa9-c3c1bbd6d2b9","6"
"8cf08a44-2863-4d21-aeb6-ebb4fee0856a","6"
"82496fa1-6ec5-4e33-9452-53095f9d1047","6"
"d8b88371-72a6-4afd-8549-435e14a2d3ec","6"
"0138165a-aba5-49c1-806b-4025c75ab95f","6"
"4b98ff65-9c33-43f0-b93e-9ac5f87cf1b8","6"
"9b019073-4410-41c8-9ce5-64a11fc609b7","6"
"48c78e52-9052-4d3a-b4f5-cde55f794005","6"
"602b125d-8729-41ae-810a-1995ed2f8a09","6"
"e6cb7507-3677-4290-8428-cce85c2cd908","6"
"5375e1c9-3158-4b18-b6eb-4ac93e46183f","6"
"ee73965d-ca21-41ee-b802-2c141a479211","6"
"929d4012-daff-4c19-b7d2-1c75937faf32","6"
"b596653b-8fd4-4894-9e89-435ba0866ec3","6"
"17a140e3-484e-4051-a8a8-23ef6c189731","7"
"cc81af9e-cb25-474f-be5f-6e271d9eed7a","7"
"c0b04cbb-3465-4a50-8401-0630f50053a4","7"
"1cafce57-0abc-4d66-9ad7-e7ee4f6474bb","7"
"bec4e9bd-2654-412a-b0e4-03a430c7ddd2","7"
"6bd04806-194a-4bec-98cb-518364f9b247","7"
"2675435d-f433-4418-adb8-8ce09537f9f2","7"
"c13a9c31-523c-4fc2-bc53-4ab43d3db9b8","7"
"04963939-d411-45a7-a032-47b190426c87","7"
"1b3cd517-c5cf-4199-a28b-5fa8ff20783d","7"
"223ce4f6-907a-4f72-9487-216d9175f9e1","7"
"b8ba944a-d81b-4f0a-b001-f151fffbfaea","7"
"3d9c435c-9fae-4db7-83b7-d3678d3e261a","7"
"6258eec1-2370-4fd1-9f61-e5880dcc3234","7"
"21c669f2-cf69-4388-afab-c23c8a31341c","7"
"eec3aa47-9b9b-46d4-a961-27bd79b9b38c","7"
"47ab381d-ad80-4697-98eb-7de346dd6808","7"
"0ec0d617-5a96-4a1b-a77a-a630db37ff56","7"
"85fe3448-e7ed-4fdb-9d1d-f7fef2c51479","7"
"42a2cd46-6f27-4e17-b28f-ea6fd6ac3e0e","7"
"19b70336-80df-4f3f-be1c-23b597a89ea7","7"
"af4e9326-b43d-4872-9285-788b0ae46229","7"
"6d29ea5e-be4d-4855-a261-d5089ccec084","7"
"4870dc1c-c54f-4333-acab-be9a5cf4ad2b","7"
"e7dc4c09-8f4d-4093-a86e-9a60bbaab8c6","7"
"4c8502dc-5827-48c1-8ae2-f261f76f0220","7"
"2afe7674-7c02-44f7-a03e-bf4e622293dc","7"
"c20bf10b-bca9-4c27-b5f0-953152800341","7"
"0c67bbf3-80a4-424e-8438-306953a76270","7"
"8925edd6-1c3b-4d4a-b2ff-3245678bd38b","7"
"93852fae-52b3-4f07-b15d-afdb70dbf433","7"
"dae56659-8306-4249-a5ac-29d0585d2d7d","7"
"df204597-3e79-48cf-8667-06f91d4730bd","7"
"cea1a1c2-ff9a-40c9-940a-ea82a1d567e5","7"
"4adf4293-ede6-4487-b45f-93f3ca86ac2b","7"
"e2042243-8845-48ba-aca2-19bf38b197a1","7"
"bfbb284e-3aaa-4539-97f4-db4922f9ef5c","7"
"d689d107-83a8-4353-ac6e-7eec867e9938","7"
"f2a7d6a8-db8c-4e97-9190-6c356d0d06d8","7"
"fe4f192e-5ec2-43ed-a58a-4599f5684e7a","7"
"820e68f8-6041-4a84-a03c-04fed698911a","7"
"6fe36f22-67e8-4147-8627-416232cb6704","7"
"722554b1-9ba9-493f-a9c1-df09a937903c","7"
"93526083-d8de-455d-a27a-bffbb9f1484b","7"
"0bfd396f-a555-4811-bd18-32b28c6cdfaa","7"
"86bd7608-be29-432d-93fd-600068f804ba","7"
"886a2088-3620-4b2c-a085-df96e3d5ec5f","7"
"e0f6a648-521b-42f1-a75b-a6d8a650f49f","7"
"25d03d1d-2f26-4aef-acf2-3054571a7eff","7"
"6df3f4b2-c3ce-4e6c-9bee-039f39931776","7"
"c25cba33-025a-4d77-86fc-ce0a258be345","7"
"375314a2-6f56-44e5-b6ef-aab3d3b7a6d8","7"
"96397076-63a5-43a3-92ca-6854dd4ca973","7"
"67c1e018-ad8a-4def-a3e6-e166a6b9e067","7"
"442526e9-5516-428f-bcc1-1b795fe76c52","7"
"3457485c-4a33-418f-a0d3-0ac38ff169e6","7"
"244b5be1-5c1c-483d-9cd9-f8dd8db3ec4b","7"
"83878c2f-8882-428c-ad08-606ee7c390fc","7"
"253c3486-b559-48a3-9db8-fe441fa32fa2","7"
"68cfa21c-4459-4a2c-bf1d-6897fe562a60","7"
"296c5330-cab4-440e-bc4c-5ae0be6452d8","7"
"a6f52ce5-0c41-4acd-9195-169f318b4ed7","7"
"2028d760-86d9-481b-aca3-828b45a8a773","7"
"6a2e1ae6-3040-4470-a497-2dc23a8a7f60","7"
"6ba36d36-20a1-4db8-a356-646ea4a097d1","7"
"6572cc7a-4bf8-40d4-b7b4-d67058b58a17","7"
"faf059b1-7f7d-4914-8074-c5d08018ba38","7"
"a93a5f43-23bc-4d73-a425-4f65cf826748","7"
"cfa43012-3097-488d-a7ca-584824bbf6d7","7"
"8003f8af-2d74-4b93-9d6e-42ef007a5fe5","7"
"ba7eb463-85f0-43e6-8070-f17c403efc6b","7"
"88e40678-bdd6-440e-9cd5-2498a1713e23","7"
"8f9a729c-8133-45a4-b0d6-1d805a9a72f1","7"
"1119fb7c-23b9-4f38-82ba-bd96db5404f5","7"
"f1470244-a140-44a4-a27a-46fdb74a9ecc","7"
"365fa466-7e19-4759-8192-fecf6f7cb3b9","7"
"c5347da3-8685-4bc9-a940-7943a9bc4efb","7"
"fca68f75-a681-464d-a9ed-d4c2b8c0614d","7"
"e43836ce-6ffb-47f9-b04b-6e77b559498d","7"
"7bc1c1d9-f9a7-4946-aed5-d8bc8f80db67","7"
"c3c2d046-a67a-498c-ab41-7b547e91175b","7"
"ca2e7522-e2e8-4279-95df-e1dac00a7d49","7"
"106121e1-83c9-42ad-8e54-040a38a3e10a","7"
"eda8cc91-614c-4154-b5a1-07dfdfef48cb","7"
"8ad45060-1761-44ae-8da9-45363b302fa8","7"
"87608aa9-31c7-4e13-990d-798d431daecc","7"
"937248a6-f384-4e21-87b3-8802fba77856","7"
"c8863e4b-752e-482b-a7e5-d2079505c046","7"
"c99b7810-4158-4bff-870a-e9295cf35dcf","7"
"290b6f08-3adc-4c45-98ff-9f213a498153","7"
"43c421d0-8489-4473-a878-29b203e31489","7"
"df180609-11f7-4579-ac18-5d90f3e11384","7"
"b4ef7910-47b4-4f4b-b195-b1f3e9d32a56","7"
"5192b00e-a67a-480c-a3ac-a4f7930e27f3","7"
"7b9cda87-1d47-47a6-97f5-9e82caea7090","7"
"4e406073-f304-48bf-8ff6-bc6896de0d25","7"
"eef1ff9d-5edf-4120-abb3-dab6dc1aa366","7"
"1be6d4a5-b2d4-414a-8d9a-3ad6abf0634a","7"
"b1e4b4b9-a846-4f90-b06d-02a16470b9d7","7"
"3901869c-cf83-4a43-8de1-9c68410dec11","7"
"56cf6851-a141-4a56-a1a0-428c66799d82","7"
"d3dc66af-15d1-440a-a139-b5f02251ff41","7"
"01592a14-39b2-4722-8893-e645a7198770","7"
"6ddacfa5-d18e-44e6-8429-d399b4d7bf0b","7"
"b5d2b658-5c79-4298-9316-545114061a39","7"
"d94fc1cd-4b39-40ad-8e21-30c9de542a45","7"
"aa626f4d-ed50-48a2-9992-49931663d0c6","7"
"82cfbcbb-1fe0-4774-b614-b365719cf35d","7"
"f40b93f9-0e8e-4b59-938a-0906d0618ceb","7"
"b94042e0-9950-4085-ac7b-0f472347b605","7"
"5e482d7b-1a82-42a3-80c0-28420dec4567","7"
"04ae61a5-f378-4746-bfad-e28470844d35","7"
"f2b0e3c9-6f5f-44f6-a958-2fd7e2845440","7"
"8755cd26-08ef-4f15-a7b9-7c4135911422","7"
"38bd5dd6-6526-4ad2-af7d-af9fa7aaac16","7"
"d4b1eccd-40c6-400c-b005-faa7c46c361e","7"
"7b899f14-b20d-40eb-91f8-ae4cce89c7d4","7"
"3a67baad-3aa7-4eac-97de-a8eabfa7b38d","7"
"37938a31-1cfd-42fa-955e-fe7bc941ea07","7"
"3ca43b3f-c7a0-40f5-8e30-841df5c36d20","7"
"fc7a5f75-0274-45e0-8b72-8d3f4f30fe47","7"
"7eea2474-9fc1-42a5-b888-506eb2316f26","7"
"9433e0d4-cb40-4e8b-89f7-fd10dd725233","7"
"20c6482c-34ca-49f8-83c2-183a7d923d00","7"
"89218b7e-3762-49c6-b034-5705ec11ab0b","7"
"183920b9-41d3-4340-8cb4-56363ee8814d","7"
"c65fcd15-56e0-4d75-9975-9616a6fd1159","7"
"d5da23ef-35a0-484a-8f11-178352a2bd1c","7"
"239190b0-e27f-4a36-ac3c-88a48087a84c","7"
"af0273d4-a8ce-46bc-b382-0df95f0d8553","7"
"da06e773-170a-4fad-b1d7-841495757cea","7"
"214e484e-bb77-4585-944a-55e32ba1a81d","7"
"dfd9fe05-b8cc-400e-8b12-129ca8b5b086","7"
"7d55da34-5df8-4a41-8fe1-4d3a633ce5d9","7"
"6ff30b7c-9556-410f-a30d-8ecf15bd14c5","7"
"e52c5507-0969-4d86-a5ce-f69dbf2ccf86","7"
"7afbcef2-d13a-45fa-a564-853e462e8ff5","7"
"4068d0b5-153f-47b7-ae75-93618f3b31a0","7"
"6c37abc4-f73b-430d-87e7-e6c0edfb50cd","7"
"b428678b-1ca4-4618-94ce-53d5c14a358f","7"
"2b5fbab0-4161-42eb-a8bf-d373e278207a","7"
"1166b730-0e27-4683-8cc5-06e5e3d4f390","7"
"182860f4-22e0-43c7-9a66-68359b88a225","7"
"4917ee20-548b-4cca-bfb8-4c86029283cf","7"
"5e9bbc25-c233-4dc0-9a1c-ff5dd3dbd776","7"
"0bde77b3-7c44-49f4-9831-43fa01c91533","7"
"4f725fec-002a-4449-8997-aa807aebf4f2","7"
"d6980966-af06-4d47-82ff-5f453d2e13ba","7"
"65b63981-0158-4642-a505-8f67851107ca","7"
"a557ed04-00e8-44ab-8926-acfadd227496","7"
"ecd61c0a-c5f1-4961-8313-9b5e719866ab","7"
"a6b38a53-c46b-4166-9685-0850fa259c49","7"
"491034cd-612c-4173-9503-c15d22226d34","7"
"a50de01c-74d2-4b66-aa2f-91a3ca15849f","7"
"ca9b48fb-e00a-4a7a-84d5-0343cbaf9973","7"
"4bba942f-8eb9-4902-84e1-4be32466fff7","7"
"91b506ef-c736-4291-8e52-076586c5a81b","7"
"91cc9f67-7f85-485b-b35a-c2881b3e4eff","7"
"923bf0f6-dcf5-488c-81bb-817a3fde3b86","7"
"f5d9c8dc-bb28-4f48-9330-b0e9c2f07a79","7"
"6190fb79-8680-4f5b-a14f-35000e7121a5","7"
"682344be-9bba-44d7-9a4c-b8fc9fcbabc6","7"
"c05dae36-5b68-462b-850e-0dbcaecee487","7"
"56b3e82f-5be8-4eea-bc42-476c9d1696f2","7"
"4d9d4690-790d-4876-b8a0-5eba014c76f1","7"
"ba982670-c176-4d0f-8740-fa9a770c9a89","7"
"c347a45b-c5b4-44dc-8b16-fd0284e71299","7"
"b526af2d-40f1-42e2-a299-f554b2193c57","7"
"9bd95ac0-8205-4bd2-8c4c-070a2ca7dc0a","7"
"0cde26f4-8551-4cf9-97d1-7948f8010c4a","7"
"c7e968e2-ca68-4df0-a38c-1c03aa3084f3","7"
"feb2f7b0-16f6-4ebe-b87e-38fb1337e0a2","7"
"9d01c9cd-fbd0-4016-8b4d-465f88e9f8a5","7"
"f81374fa-1646-49c7-afc6-e9101684d236","7"
"702cc36d-1288-4d9d-a4cb-f1137b3ba501","7"
"1d10a595-d313-41b7-9b4a-e9eaf82cd376","7"
"a63a36bd-1f9b-4598-a2e3-60c96d4822fc","7"
"0e1398e5-aab6-4864-ac00-fefd755389ce","7"
"b8a39885-5d9a-4e16-90ed-02318a45a99a","7"
"949b43df-5835-4cfa-bb58-b2a8e3b40ff4","7"
"048588c1-c638-4f35-9e88-a027b831ce40","7"
"874246c4-dfd8-4086-a907-0c37a84f2a49","7"
"7d16ead6-fb48-4255-a07a-ceee58d28c44","7"
"64daa886-aa07-4e8a-b730-43934f07c91e","7"
"05bfea91-2818-44ca-a482-7ef019d8ccc3","7"
"f400026c-0d62-4e77-8633-24817e6f98c0","7"
"2c6ee22e-0722-4dfc-95b0-b02672c59a7e","7"
"733a4697-9a1b-4ba5-b20f-f74e86020940","7"
"03b6a58e-2d6a-407d-bff8-a3a88c0b7e91","7"
"0b1845db-0151-4df0-bb3c-4b93e28a02f1","7"
"c94b15b0-50cd-48e8-8082-83228daa6ad6","7"
"c1305df2-acd7-4a3f-a2e0-19901cd080ca","7"
"b2ffd864-5cab-49c7-a792-53aa9915dd83","7"
"eadbe33f-b6c8-479a-81f3-2d12ec30e51b","7"
"96e2311a-0a43-41c7-9c96-04861e9e4340","7"
"45b0ecbe-ad90-4a6c-b39d-5cc23a92e843","7"
"8f67e2fa-d6bb-463d-822e-0fc2f86ea564","7"
"3062a4ae-7512-4f1c-ac38-3097c8680599","7"
"91cd6425-8001-4f61-b14c-26b051c5758d","7"
"50ca8c93-66e7-4885-86d3-c371c5d18d43","7"
"638e2e6f-8507-4e59-a1c6-c19bcf8cf231","8"
"5114691e-ce80-4d04-8ca9-296271dd4535","8"
"d37d0aac-ee76-47de-8c85-169dbd6e973f","8"
"9952309f-f2bc-4335-a018-a5eb00d44c9d","8"
"4b324a3a-ea84-4775-85a3-fcafde3954d0","8"
"15c7665a-0df8-4d8c-ac4b-56f291b3208c","8"
"d923f218-1363-43f6-bfda-e43ee239059e","8"
"421131d9-07da-4359-b723-42464d918bb4","8"
"4ac7cd85-1291-484f-9fd6-de91f444e252","8"
"d4649a2c-5c6a-42cd-854e-21d3e58dc343","8"
"c325a1f7-d376-4c1c-b6d5-50f340011ec8","8"
"6894a777-b4a8-4fc6-ac74-266c34f7d316","8"
"d361dd50-26db-4606-b1ce-774f61c1dfb0","8"
"d006acd4-5344-4711-8179-f05bd4be5af5","8"
"9d7316a0-0d22-4d9d-8fd6-0cb861cdd505","8"
"d3333932-3d11-48bc-a73a-9ab1d95a8b22","8"
"10e98954-a4d6-4b62-9f5b-1ac3e2bf43f5","8"
"da1d50b6-7707-4ade-8004-94b4ee68c0f1","8"
"d75cb1a3-1209-42c6-abef-5cdf30fe03d7","8"
"925d8b0c-5ed2-4339-8b91-2ece0e2c6378","8"
"35d83fdf-38c9-445a-b5ce-89f3963aa1c5","8"
"b5303f98-2b1c-4f63-a3b8-0f15731c7a79","8"
"14beb248-42d0-4998-947e-0f4e6005bac4","8"
"2d36391b-dd99-4774-9b10-4a5518dffc11","8"
"c1ae9668-b7e6-4e47-b19c-df96630d2db6","8"
"8d0ac24b-19c3-4f12-813a-57173bd7ed7b","8"
"b6747c8c-fdfc-4664-ab97-0200dfcf917d","8"
"db354e8a-7e28-42e9-a693-1b5bef7c3bde","8"
"6cc4d47d-f68b-451c-8ada-4ee9248151fd","8"
"91aaebda-212b-4e4f-a631-b885564bcc6a","8"
"1ad3c02d-5f72-4fb5-88f6-a0425b9ae66a","8"
"0a15d44f-ae58-43f8-90f7-351b4492467d","8"
"2f06a77e-dade-4038-9dcc-8cae6bd217f5","8"
"a2191c4e-3be2-44b4-9c15-b1fca07a4c29","8"
"ee7cbfb8-4789-46a2-9711-59b6ede1a033","8"
"c2883533-5cf0-49da-9f9c-ace1b5a56991","8"
"bffa30ac-dfe2-4374-b925-6141533e1612","8"
"bd4812e1-6459-4607-bff4-0650621a8cb6","8"
"fcce0e5c-a834-4a72-b65d-27c63b523e40","8"
"4049f856-8e16-4419-b10c-288cf272b17e","8"
"cff11ec3-4214-4903-9eb7-a64389078663","8"
"b5667a3e-51ae-44d4-8599-853e02bd78ab","8"
"1149f1dd-0ddd-4e29-86d6-3de462a28b95","8"
"c7f5c409-dd65-430c-b069-88b0745ef98c","8"
"e996ca6c-a839-40ad-a10b-992a14f50243","8"
"d0982a52-19da-4086-8b2a-ebefac54fd26","8"
"642fa7d6-f2be-414c-82f1-2c16087901ff","8"
"b09015dc-a76b-446c-af5e-1577232f4082","8"
"261f9566-d52a-4751-875b-fe1abe7d073e","8"
"97dd6a28-1b87-4299-9a6a-4024f2ddf250","8"
"5469070e-1e0a-4afb-a7ee-1e9224a50ec5","8"
"bc713e6a-50ef-4acb-8880-e73a0e957e72","8"
"e51a1d63-bd74-4d99-aaca-ebc6f1d03351","8"
"fa1f1905-1439-416e-a9d8-bb3e0f19e03d","8"
"5aca680a-3c0d-4be6-8bee-42c34bc3584a","8"
"e9c60f5b-1c8a-4e80-8742-2849225ae99c","8"
"686b569f-ec30-437e-b7cb-a1e18fe38786","8"
"f6dac959-d619-4756-a07a-f3a61adcdf7b","8"
"474a1c97-8379-434d-beda-10902b8dd2a1","8"
"9d71990d-d128-4d8e-87e5-ac5912d5e4d1","8"
"711d6d25-c20e-49b9-b48b-2d7219171c9a","8"
"c733704d-0073-43c0-bdfa-da94231f9c0f","8"
"8b878277-2175-4915-91bb-cd62597f3fe1","8"
"7c8ceb91-c8a5-4b59-b47a-e1d20c2fad1b","8"
"c26e0b43-5f2d-4208-985b-e37e160ac498","8"
"6b075c90-af62-46af-a161-31bec9098480","8"
"e39f8d1e-574c-4fef-9610-f2a528ea86e5","8"
"f3d5720b-3b31-4af1-b0cb-fd878ce0b199","8"
"1ec57ec5-be62-4527-b3da-22f4e232b41f","8"
"515733dc-4c7d-4252-b02e-60a0ed6adabc","8"
"43d879c5-690c-4d7c-af17-53c675f3c4a3","8"
"8fbdd67e-de20-418c-8ad6-6de330bf45f8","8"
"133810ab-d5c2-41e2-9f5f-ff9db02b8182","8"
"6aac6a26-f5ef-4201-9a0d-b6b888a94bf7","8"
"72cab8ea-a0f6-4ee8-981f-a72c26c69686","8"
"9db69265-1445-42b8-9883-00f64033f958","8"
"442449e8-0d55-4507-af64-05ebbc75c431","8"
"7ea60a7c-e1f2-4f66-8159-a54610567f64","8"
"d7005f64-a5f5-452c-80d6-6a5b2fa860f3","8"
"4e9f66c1-7b78-4918-8771-cad8a28663eb","8"
"f82eb17f-eff7-4a38-85b8-e436457ef6df","8"
"391dc494-c515-45b2-815b-54dcd92ca997","8"
"b6c6c9e8-1d8f-4093-8a28-df48873fcf52","8"
"fe7d4538-b4a1-4bff-832b-a4b254c97f97","8"
"9e6bc13b-8289-4de5-b1c1-fbd4bd12871d","8"
"ae1bb9c1-faca-4f93-a2e9-3a9c8cd7bd16","8"
"81a0889c-c5f9-4521-8c35-47d8b35c807f","8"
"397ea509-c510-49a9-a68e-6d34dd6fcf73","8"
"9b51453d-6d52-4254-b3ea-df1a7c98b22d","8"
"12855bbd-aa04-4b4b-8203-3830a08ab784","8"
"f6fe5a41-7ef6-4870-998f-0784a3c6e960","8"
"a5651bbc-469b-4631-9b07-2dd5d88e6d41","8"
"be10c7b0-6d58-4afe-84d9-93e38e7a7a84","8"
"9fe848ad-aa47-4cdc-8eaf-21e9293d2b85","8"
"4e9f45bd-5bd8-43dc-a292-0e26bb67138e","8"
"2500ca47-0c58-4297-921e-9bd8ab21dbf7","8"
"e1578f54-4f8e-4508-940d-cbf1aa1b618c","8"
"81618bcf-39b7-43b6-8c65-f0f24f94a223","8"
"acc3ad64-1575-41d0-adda-5cb699b2e54b","8"
"f276adb0-e6fe-4e63-ab97-e4469c9ca256","8"
"f4d1d815-5993-4f7b-84e2-4192bf0bbb9b","8"
"799a1e86-0ab2-4ccd-89b3-3804b73eb636","8"
"e553b10a-552b-4d19-8147-e3fb1a6ac8be","8"
"66f3948d-13cc-405c-8ca7-f0a5972ae2eb","8"
"0811b2b2-16a6-442d-bbc8-50f8baa88cef","8"
"947c3cf3-ccd7-4e55-9464-5b4eb83a6a11","8"
"6402b42f-f165-4ca8-89df-65a2ef754ec1","8"
"6a29543a-b516-42b8-8782-a4b7c153611a","8"
"4a3e76fe-cf44-4d37-8fea-56728f875298","8"
"fa4cffcc-d39c-4b47-add0-341fa9482649","8"
"5bda1a1b-edff-456a-a045-ce68e2075761","8"
"0a3e632c-e0eb-4dc8-be30-d3083c888edd","8"
"f8837228-8177-455d-aad5-c6cc7e41dc3b","8"
"dde8f019-5d31-4d36-b89c-48a87b96c28d","8"
"f7b6e37d-9ca5-4e6b-9488-94ad2490803b","8"
"09bd27db-d555-4a50-b3e4-fbaf6cefe7ef","8"
"1df98590-c175-4261-9c0b-ca2fb969feff","8"
"11652f9b-2e67-41fe-aed9-d2e40ceb5984","8"
"474df2a5-839e-4758-87db-d75f624dd5f7","8"
"4cfb3719-a438-4bcd-aaa6-200cba51f2bf","8"
"28e6724b-b960-44e9-bcea-a898a031d0bc","8"
"d72b653d-4c7a-4708-972e-c1a780938f34","8"
"917917e6-4ad5-43c1-8bb2-1916305ce3e0","8"
"e0f9ad20-27d3-424d-b2d0-ae4097b671b9","8"
"7adfe48b-9814-4cd3-a5c7-7225eedee992","8"
"dc84d003-5e4f-467e-bee1-b7ff469e2a44","8"
"e4ae8a6e-9038-4ba4-a8c2-583b74b87b12","8"
"66b3d17f-9e65-4e88-8f81-e76279c3faf1","8"
"b6006c16-288b-4e8a-8e67-ed51ea91d614","8"
"beea4975-a956-4567-ab5a-8929f0eca200","8"
"40823a63-9158-49bb-af8e-a5ceef7e6691","8"
"cd985848-b8b7-4dac-aade-2f93c158212f","8"
"be7e6cd8-7731-4b2f-acd1-60a9a1a6f7d8","8"
"e110f431-14f5-4204-bec0-d142d4b8288e","8"
"bb92c8de-dfdf-4da4-b7ff-00c1a84ce710","8"
"8d84d340-34af-4c62-a53f-ddeeeedda1eb","8"
"13e810ad-0f08-4045-aada-f2e6653de6f5","8"
"21080c5c-d12c-4274-9b25-104755ae353e","8"
"16bee6ea-908e-4d08-bc0f-7a0e3d75211a","8"
"b7dabab4-0931-4b1d-a7f1-e8db3b34ec57","8"
"765d8106-e252-40ab-873c-1d947d93bc40","8"
"b9708038-3c66-4a84-a1d3-dea3a86ecb6e","8"
"035c4f59-1fbb-4668-aa5e-d1ef61aa40d6","8"
"73cac3b8-dc11-417e-bd0f-e76c1b039b13","8"
"d4dfda2d-f58d-4f45-b4ef-542d115d5b0d","8"
"a2d84f52-a0eb-44c0-932c-17d9f935c783","8"
"c9722c0c-338e-4b41-a4ec-cb2311fb63f5","8"
"a2db7a7a-1e4e-47d9-a01e-3a56bbce2697","8"
"228a62e6-92bc-43a4-9712-8e5c1d87aa3f","8"
"e92a8c94-9eea-4256-9234-7e84e9b8240b","8"
"60dccfd3-fd36-4025-989b-36e761e5e5c5","8"
"97feefb3-48c9-441a-a1b1-63fb25bcf365","8"
"59a7258c-00f9-44ff-8e3d-f05e942286c7","8"
"e2a69b87-31ea-47e6-a0ca-be61bb5ed62b","8"
"1ea0d189-b0de-478b-be33-e5b18c4104d8","8"
"7db5194a-e4e1-4322-bb5b-e315a2990320","8"
"6b7a0717-dcb9-4986-8c28-fd45b24f8622","8"
"3faa07db-d5d1-470d-a954-7c6d606d37a8","8"
"c185b53e-c1c5-408e-8141-3ad74a435d26","8"
"86371e75-7790-425c-9f58-f69460a7fea1","8"
"ceeb415d-e5b6-4d42-859f-5bf99a11895a","8"
"eb54d670-d737-428c-ab11-68b340e463c8","8"
"51e61e4c-ffa5-4ee5-a582-eab009e1e2b1","8"
"a67954db-28e6-48d3-9afb-f8198c9e426a","8"
"0644db0e-cb09-4fde-bd10-c9ec6445630d","8"
"1552ba62-3846-4c40-a60b-61a4f4ee578c","8"
"06278400-e117-472a-b050-0ac0685541ed","8"
"1ce10018-2196-405f-80ff-92ebacdac5a7","8"
"81fc4e02-21de-4e51-a188-d92da2de12dd","8"
"295a7b0f-a2eb-453f-b664-9dcc295d9c8b","8"
"56489afa-8020-4c37-865c-d3937ce3fc8f","8"
"6c79527d-df3c-46e9-872a-17a3dcb088af","8"
"fcffbac6-c6c3-4c04-8a1c-5734a488ce34","8"
"6ac8afd2-bc74-4524-ae0c-5e47a5dab7ca","8"
"83a50780-7b81-4143-97d3-7ee2b5d934a1","8"
"3c21b57c-2958-4bef-aefd-7a521d771fc1","8"
"ccce8a40-7274-4400-b8ec-944cac2d7e8a","8"
"dd0b71a7-e388-4d6c-b4c5-a00a6b6415a8","8"
"3d0eb1fd-197d-4367-82bb-0b44aa47db3d","8"
"2dbe93d7-52f0-4beb-8e17-6a4d24cfed39","8"
"e0ff3bbd-3e99-48c0-96a1-95ce04230481","8"
"223641e0-8822-4be7-bb92-3068ef7eada6","8"
"8191cbab-fd16-471d-bbaa-1c24cf00d44e","8"
"8ffd1a2b-19d0-4e01-b5de-07213cf56ab0","8"
"2bc0288c-42ce-45bf-a1c9-10d1af76b758","8"
"f40e1b92-847b-4537-afc7-72216cca39df","8"
"e3d28337-7007-4f46-ae6b-cdde1a801ff6","8"
"241f279f-8ebc-4b93-8058-5ab55d965459","8"
"4f63cc60-36dd-46d2-b9e7-60b8daba1bc6","8"
"9b5a7732-1c92-4b6e-9bc6-b206e9881228","8"
"aacd8b22-333b-4016-ae23-5cc0ea5fb083","8"
"94fe8476-51a8-402b-bf3b-1caef83406ed","8"
"76a01e7e-45d4-4dee-a63c-dec096b102e3","8"
"d10eb9d2-fc6a-42b3-94a1-a26f05019b1b","8"
"70db6dce-d2e3-41fa-9c36-c086a1382d67","8"
"88998b0f-8f29-4af2-aff4-34a1a7c747ba","8"
"2647dc30-0e00-40b9-a1f6-e1678a201a78","8"
"f0883012-8595-4620-b1b6-1b442711e95f","8"
"bf57613d-e4a4-49f2-95d8-b2e13bec7e0f","8"
"d8dad022-3c7e-4712-b03f-90cae7d48676","8"
"c1035920-72f5-41df-b355-9e8b33eb0f9f","9"
"3960dcf7-c9ed-4770-bc80-dbf1199f090e","9"
"ae585ac8-4149-4d9f-8bc0-36e71400d966","9"
"387ab66b-bbc5-4b1c-bac8-715e2dd8b3dc","9"
"e32c819e-6f3a-4b9e-a1e3-7c8a7c6d5941","9"
"e46962f3-c12c-4148-9425-99cfc5ffb917","9"
"baa16914-f75e-4a7c-b1d6-a23e8fb770fc","9"
"440a175c-43e4-4e4a-973c-dc22a2d9ca90","9"
"bf7aa14f-991f-4b60-a433-29d6e749aa94","9"
"b46b9120-c732-437d-88a7-aa065d10e324","9"
"7386e626-5663-4645-85e5-96d5739600b0","9"
"a3c0000e-77bb-42fc-9032-de8de1bf3578","9"
"2799a073-4ba4-4fa7-a9a2-de9131062b21","9"
"472e1a54-6334-441a-98eb-90b9ada71f08","9"
"8fa5f331-deec-40ac-95d5-d196f319cd5e","9"
"172f0a3e-3ee4-4e06-93cc-911457b9e026","9"
"a25fb010-646d-4ee3-9011-9070b99bb269","9"
"e41aedbd-65b1-4102-9202-c8ccc1bf9179","9"
"9f3b33d9-0343-4f09-af93-9ca2439f4228","9"
"1ef8e4e9-1721-44c3-905d-19a17269a35c","9"
"a17ecc2c-2690-4813-9dc4-4a83fad8129f","9"
"cfb9dbfa-550e-4d4e-84d3-c118510f0d2c","9"
"f3f22407-1560-41f7-9ac3-5474eab471d4","9"
"7e05ecda-56c8-4713-a35b-00511868f0ae","9"
"66dd2bdd-1f8f-4f46-8d5d-8a49b4fd61f3","9"
"b4fbd9fb-dc0b-45dc-938c-1d6e2c89e140","9"
"046c6d48-16cd-42f9-84ab-c437e916c967","9"
"a026a01a-fe01-4ee6-a071-2204a210ec16","9"
"8532d2c8-cf90-490f-9073-ebd7f23bec22","9"
"f18660a4-33fa-4201-b472-7ade6c5995e0","9"
"b08f6732-5fe4-47bd-9ae0-7f86794c2f43","9"
"5211b77d-93f5-40ba-9d6b-f80142bfdea1","9"
"b48ff1d8-6edf-4127-89f2-93360a9de46d","9"
"fcbcdac6-9151-40ac-b29e-a24f178ccea2","9"
"7e52060c-7f8b-47e2-ab83-0537a0909042","9"
"dfc24260-ab66-4286-a561-c88e4dbbbe0c","9"
"7ac24df4-cdd5-4bde-8f3e-fc7579a0a879","9"
"5d6fc0f8-32f3-4781-9da1-3525df743d36","9"
"0b0bc3d7-de7f-4545-bc8e-9a247bd4af02","9"
"b14b792b-2d68-4bf4-9374-fce2e1c1f94c","9"
"6e206cc0-4ed1-4b0b-9c7a-74c453b3c985","9"
"c5b2e1ba-a89a-4dcb-a2f2-e3ea58bfe318","9"
"0e27cdc1-1a1b-4b6d-9a99-06d0dcaa92e2","9"
"b39735bf-af8b-4234-aa12-5e01a1196455","9"
"5b3f2142-49ae-47eb-ae2d-96bc72ea2e09","9"
"e355bd2b-70fa-4c99-9bf6-2abca9e2bfdf","9"
"7020eb3a-4254-46da-b4a4-3d2d191d7364","9"
"07cdfbe1-8441-4228-a00d-9a68c9e9ce08","9"
"dc7d742d-e2bf-463e-87da-9cab1a3e4755","9"
"9fab760b-3e12-4e28-8dcb-622ff1b8cac2","9"
"b81f716d-1599-49b8-801f-8befe8ee0e9d","9"
"0e33db15-2d0c-43c7-bb90-c7ced795e2c5","9"
"f8d6b0b5-ee35-487a-b377-bc2962da7b87","9"
"e989bfa1-54b2-465a-8248-226f346e2d73","9"
"18e5b7cd-25e2-4b4f-bd20-06a85db209f8","9"
"43090e8d-b6bd-4f82-897e-4e707b9891da","9"
"2b8ef547-2291-49c0-8aba-6b354bb2352e","9"
"78ec455f-4c9d-4ef2-b55a-ff78375219d5","9"
"208931a3-f91c-4424-ba08-1189a92e3320","9"
"ee664826-c990-4081-a0f9-c38a28b8bb93","9"
"29d22f74-2faf-422b-97fa-69582b6a2a38","9"
"f9c73d06-5084-4750-9da7-b8cdcbc79d58","9"
"ac0f6c8a-1b2e-436b-9245-d4498a845fd5","9"
"296f0325-88a6-461e-bbdf-537367f421b1","9"
"4dec6989-c5d8-4f20-af2c-cac1ad2b67cf","9"
"57f327a5-1c7d-4a97-bd09-18c38e021d19","9"
"5734b784-1aed-4664-b473-b9dc854c4dca","9"
"5cbdbe2a-bff3-40e4-98d8-4028ff66deab","9"
"87b126d3-9a21-4465-a7af-b70b8f38560a","9"
"01e9f6fe-8967-4e83-a434-4d56b70e1d4e","9"
"2d058cfb-fdb7-4525-9194-b91f84fc7e11","9"
"4f3b5199-c2eb-4871-b177-2fcd4f23ab2c","9"
"284aee27-0733-4373-a141-7351f6c9303d","9"
"6d3cb896-3371-4bbc-a8c8-c3e3e752aca7","9"
"295f2df6-337c-416e-a764-2ff9fd56772d","9"
"7932e933-2d40-4277-9bf8-33362d671fa3","9"
"e79fb2bc-637b-4ff7-8be1-95eb4c7e1f8b","9"
"0083874e-f9da-4782-a42c-4d7cfe40653f","9"
"a182e652-f6e8-4d42-8863-59e92ccaa228","9"
"108b4d9b-08b7-4dc8-b263-123fe04f951d","9"
"26d765dd-43eb-492b-809b-90c50f91bd95","9"
"e90af79b-89a4-43d4-bab9-ff10ab68b803","9"
"51a9a0a8-3eac-44d2-8ad5-581062a1600b","9"
"c5712f09-c436-44ea-b557-e96af7512a2e","9"
"79968e14-0bd5-407c-ae4d-3fe113555637","9"
"e4162caa-9485-4683-bd18-3ca667ce47af","9"
"b4f33385-22b5-4b24-ac66-cb0614e4bc3a","9"
"b74b9a41-2ecf-4f63-933f-2d3893ccb2c0","9"
"890baeff-4d73-486a-b495-8f591daa8018","9"
"0ef2f3d9-cd11-4c32-97d3-de7392809612","9"
"e1caa3d5-a2bb-40be-8df9-6049c598ad6b","9"
"c1fed6e8-25c0-48a5-8e90-687758a3fe3a","9"
"97f83b22-ff42-4143-880d-4a6d65af3a8b","9"
"768109ba-2f00-4814-8be0-9480ecccf4d5","9"
"0a750a90-a5ce-4fc1-884c-e03c0ac94b26","9"
"2480146d-5073-4dd9-b900-4f0d4a690fe3","9"
"f009ed57-bc54-4fdb-8a9e-82baaa1421fd","9"
"cfe9dbd8-2ab4-49ef-8f2a-7af7806820e0","9"
"8b46e60d-8f00-4424-90fd-3ae45edb54f1","9"
"f56e45b3-1ac7-4d1b-a8cc-6b094daa853c","9"
"de608cb5-0480-45ef-b535-b56b3c25ecda","9"
"fc8e60f5-da0d-4dc8-8da1-2d73d40bee4d","9"
"f7c3c349-586d-4e70-8fd4-90769d4acec0","9"
"94f8fe55-5618-4d79-b0f1-c3b1116d6ed4","9"
"6079f1df-5ceb-422d-b3fc-6e2590317863","9"
"458334fe-8537-4391-bacd-fbc836dc5bc6","9"
"06546327-4410-4a34-9aba-30f1e55ad8dd","9"
"6bf06140-408d-4188-a9fc-f3f7b773056c","9"
"2e312775-4a2b-4254-9e41-195e3d8066b0","9"
"30ffdc41-f0d3-45f0-92c5-3f0485f5b941","9"
"3dff7471-aa6c-4705-bf1c-bbda047e7af8","9"
"0f5926fa-23f6-4514-8845-0edb3fc32419","9"
"194ba73f-fef1-4a15-a2d8-75d738135cb3","9"
"c053ae65-ba09-4877-9851-381920736a8f","9"
"9bce3044-6622-4163-ba29-bc24f9826e2d","9"
"99f45219-a5ee-4c7c-a4de-7a2c582328cd","9"
"8a4aaccf-66e4-4e7b-8834-b84ca1f0d68b","9"
"096564c9-1ba9-4239-95a5-ed26a641c373","9"
"8eb03f7b-726a-4169-bd83-ae953bf20430","9"
"d6dcda98-ad73-4423-bd25-89800d4b99ab","9"
"a784a87a-9a5a-437e-9c2e-8037cb563819","9"
"9c307238-e8c0-49a7-ac41-24f00651eb6a","9"
"01630e2c-42fd-46f8-8064-f2f56880d87b","9"
"069f98fd-d698-4349-9bda-d7c6c4a95472","9"
"52c6dfc3-5393-4c00-908d-8a64cd5276a4","9"
"3f2a6aa8-4a07-4ac4-ae27-da25ab2cf59d","9"
"adfeb6aa-380b-441c-a4a2-8f70228d9fdc","9"
"038338bf-fe2e-4b2a-9735-0f17c5000c80","9"
"83ba095e-7a7e-429d-9320-a5852c5bde24","9"
"564cb68c-7789-4d43-ac75-39a3f76e3cd8","9"
"fb7378e5-2c92-42da-a767-2bb2bb478a79","9"
"8a462b21-9424-4c3f-9747-ff78af6cd5d0","9"
"0a85c235-e9fb-4cea-986f-e86893f0691f","9"
"bdd4cacc-a668-4827-8ba0-499b1584047f","9"
"693ee013-fc22-4938-8a59-c4bd89ea9e71","9"
"bf8b9b85-9cdc-4a26-ab34-431ff4f74d65","9"
"2fa453a9-a4e0-4405-bafc-f4642aae463a","9"
"ab3c2b2d-8544-4b15-a574-8ab79242494c","9"
"fb7d835a-bc0f-4dae-973f-185cb244068c","9"
"78ab34be-36cb-4eb7-acd6-12842f64a0a3","9"
"f17271f1-dd42-4de7-8773-7776f23af781","9"
"ef59eb41-125a-4005-854c-3892f3febd1e","9"
"4bb9e479-5e0a-4e80-b8ad-1bfa79977712","9"
"f079432a-58bb-4093-8bf1-38ab29877b67","9"
"381a005c-11b6-4fff-91b3-3ed87931befe","9"
"4291aa79-e694-46b6-93ef-35cc35aa0ed3","9"
"22e5401e-94a5-4c19-b1b4-e785c28db25e","9"
"abc0ba2c-ff80-4468-9804-c4bb003160ab","9"
"17b0f0ce-d595-4a64-bb87-e12e6ccf4bc2","9"
"a64d5dbb-18c6-4369-a1f4-035e340789e1","9"
"d96e6e70-7f46-4078-b8d6-2d63f8266fd1","9"
"92e08621-a4ac-4d41-9283-3461f0a4d881","9"
"bc60eaee-0bc2-4295-b532-612f0d36ec20","9"
"f2cc259d-c6d7-4ef1-b112-be827aecb89e","9"
"e4f45888-1487-4bb5-b20b-7eb2f4db83bb","9"
"e29220ff-796f-4ac8-9801-4ecfada2daf6","9"
"041da7ac-67ff-40c9-b076-a926e158819a","9"
"1d1aadc5-4505-4f14-bda7-137f033ded88","9"
"3533dcff-e259-43c6-b0db-d740321b50a2","9"
"7dbe7357-f254-427c-bb82-ebea97dba5ef","9"
"6424508f-d66e-4358-9f95-4c2e40aeb49a","9"
"c6febb36-2164-4615-b49a-92d3c77551eb","9"
"7f686a01-5584-4c20-a6b8-584d8610bd85","9"
"ae64a755-f676-476c-a7de-e6a18e29ac8a","9"
"9f9bea56-fe87-44c3-8350-ad8a855c3bb4","9"
"06f97766-2ca8-4b23-994c-144400643c6b","9"
"61459906-a622-4431-9cba-c2874058d134","9"
"92eb335f-61b8-49bc-aad4-e88ca8462122","9"
"9ca5fa66-93bb-4bd4-a46b-eb72eb456cc4","9"
"007f1e97-197d-42c4-b137-116511b7cfdf","9"
"1390f9dd-5cc9-4ca6-ba26-3713c5b30d41","9"
"f58ec6e7-3358-4686-b7cf-583295258baf","9"
"c2cf4a5d-1502-4b37-8694-4b2b9972582a","9"
"9788e3e5-070e-4f1e-b87c-f0ef71c2e4f2","9"
"f030baad-095f-4ccf-8540-bcb7f313ad3f","9"
"3eafc5bd-92fb-4b6d-93c1-9db7b0ef5617","9"
"db0fdcf8-29c7-4836-8f48-986756d15da9","9"
"d956693f-89e8-410b-8022-3a458812db24","9"
"572fc298-fd6b-4277-96a5-9128419e3baa","9"
"9b3a4b71-8db2-45b9-8ffe-94d9a854eb58","9"
"7c32f43b-e8a9-4646-86b0-3082130e30c0","9"
"0e972a29-49d1-4215-b026-5ae8158d2577","9"
"c503376f-d2f5-44e6-a9b5-2e7ed78581ad","9"
"d3ad02fc-97cd-48a9-8e33-0445fe04f002","9"
"11712bc9-78ce-43b6-a0a4-7c77f9420262","9"
"39b85230-3a20-4404-9db5-be44c6822f46","9"
"5f744c64-458d-47a1-8a46-3e3a7fbd2d10","9"
"bf4441ca-cb2d-4b9e-a5e0-b16174382bd3","9"
"85bf756a-87b8-46ca-99ab-48abc01788e6","9"
"99f8121e-d40c-43fb-848d-30f2e63c5f9f","9"
"bf6e7af4-0464-44e1-940b-98be44c954ae","9"
"d09ff0a2-dc73-4b58-8143-33d8b8cff44a","9"
"12d1df2e-a0ea-48d5-822d-657d7e5b3242","9"
"b78b562f-9bc8-415a-a1ff-c25cb3b76867","9"
"f49db6d2-f57c-47b7-a774-554fdb82b37d","9"
"04cb52df-a703-4c01-9769-72724377d592","9"
"f6ae8bfe-98be-4b23-9d1f-fcc6be00142d","9"
"fb773521-f414-47d0-8d40-6417dd5e2540","9"
"a371ff52-a5a5-4ed8-98a3-fdfeb30a5429","9"
"4f83cc26-d04d-4764-9e8d-8ebbf646a321","9"
"7db182f3-2095-4a81-8467-076a16bf1dc7","10"
"8f7904bd-c7d8-4078-a90e-510a876c019b","10"
"0fc61ce2-da4c-42d8-b3de-99ea61ff8939","10"
"2f2915bc-8642-4f23-8673-5a3aabaecf48","10"
"9b3947db-7099-4509-a34b-dcb567992b99","10"
"c3787e87-e2de-49b0-80a9-c170c6c6e840","10"
"49a13a1e-2bff-47b0-a3c4-498989ef64c4","10"
"8989ea53-bc2b-4530-a850-744173f3ab26","10"
"204194ea-1f0d-4473-9648-f895fecfdc74","10"
"e74d5c1a-b93f-4357-abea-996001e540d3","10"
"133ca6f0-dc0d-4911-853e-98ea644d083c","10"
"ee52e31d-e480-42bc-9c46-c950933f103d","10"
"e0c99698-b6e9-46fb-ab04-424b168ef067","10"
"7fdde2df-56dd-436e-ae53-e10bd4d1a5e0","10"
"318c2dba-07ab-4349-ad03-9f816d7f007a","10"
"c32f40b5-f8fa-4104-882e-dcd1fc46eb4d","10"
"9dceade4-4853-46b9-a7fc-1f378325cbb9","10"
"d7f7edf4-b350-4a88-bc78-8b832fa057f1","10"
"128b484a-2ea8-4dcb-bb7a-e952d0e23dbc","10"
"5bf83b09-714b-4ad1-a2cb-e187370cea07","10"
"a49c5650-626e-4c90-b053-ff5f27be77f1","10"
"6aabf4c0-4797-4730-82bb-d802f0d10dd8","10"
"f7515e4e-98b1-4695-a913-10fc852ee0d9","10"
"811ee615-0a43-4eed-ab88-179fce0708ca","10"
"a208e9ce-b4ba-409b-b1c0-1043ce2a754f","10"
"210bdaf3-d30f-438a-be1e-f713b6a5eaed","10"
"4792c1e2-da8c-4c26-bcab-5afd3a5cf0d6","10"
"779a3e55-2ff3-46b3-94a9-5ed17c83065f","10"
"053449d6-23a7-41a3-869f-9211e0067917","10"
"6626b4df-cab4-4bd5-b315-387e2fa7941a","10"
"d996f8d6-6cd4-475d-8c83-a4f306d03ccf","10"
"136b82ba-ea44-43bf-865a-321b0f039cbc","10"
"38e2da6b-4166-4fb2-8de8-8ef3784e596d","10"
"79a61f64-2186-4f66-8cfa-860320edfe8d","10"
"856d452b-dd38-41e2-9aa0-b345c943476f","10"
"8bf01ea9-46ec-4743-bc7d-2df057b30e1b","10"
"1fb2c216-4c16-425e-876a-fb8fc1eae7ec","10"
"b990e463-c474-490b-9896-4f594ca508cb","10"
"f93f5cbd-b0b4-480e-a51f-5ee9e21d589e","10"
"f93efd39-0919-442e-bc22-f0a0c572e995","10"
"60ae3096-7ffc-4c47-9382-64bf2ccca1c5","10"
"7220aca5-a4fd-487c-b43b-15802bc142ed","10"
"469fe50a-af05-4754-ac0c-8a68569bd21b","10"
"66d9947d-3b1f-4b5d-b7ed-c00e32ac622e","10"
"65815355-7f0d-4ba9-97fa-005dcbe4f293","10"
"f48c319e-5bbd-4736-b2bb-a4a8a7516e73","10"
"d43ef1d2-c1e3-4e66-9d83-f78b0d24dd82","10"
"212d4cfb-7bd4-4e4f-ade6-f39a2a8bb6cb","10"
"4182a6d2-8ea5-4227-9ef7-cc31c0b4ce01","10"
"833367d6-4849-4dee-b28b-fdb288da5e3c","10"
"9c07ecff-9a0c-456a-8eba-f20b1fa8e57d","10"
"7bc27b4d-f0cb-4fd3-b0d1-bfb9ac234482","10"
"2c39d7f7-dfd7-4f76-a685-7903565ef297","10"
"e40bd4ff-360d-4e95-a67a-252c91ed0c10","10"
"905de703-388d-4c19-89df-c5778a7f8675","10"
"2ce1209d-e423-4f01-a954-4929af39c508","10"
"b59b79da-cab6-4d72-8a85-d4ddcec8c19d","10"
"a4b8f032-9dd4-477c-9481-c3474a9c9eb0","10"
"086e55cc-28bf-44a8-b09d-c5d86705caf8","10"
"2297303a-d025-4a92-9c21-33ac7d08be6a","10"
"62e944b8-5734-4ca5-b3b7-11495b62c2b0","10"
"ff17f189-5338-4362-a891-b45335c888b2","10"
"24f3ce4a-916a-4f73-a153-fb385e31fabe","10"
"46ac93e7-566d-4eca-a3c6-71579e857460","10"
"3eb2b96a-67a9-4c35-83e5-d2bab762f4b0","10"
"7626bbd2-30c9-43a4-a21d-229ded4741cd","10"
"78332319-95d4-4b58-9524-02cd3e81cfd0","10"
"88aeffaa-1349-49e4-9f61-a46790594401","10"
"43fa8029-de28-4f7c-a107-3bca7df76bac","10"
"314d2cb2-b6bc-473f-a662-b9f803f6ea8f","10"
"163d4bb6-a405-489d-854d-759622392f0d","10"
"99b8d9e4-1cd8-4d65-9ef2-4a652468c6b8","10"
"f53c72db-6a85-4199-a876-42c504679e71","10"
"a5534c07-1e51-490b-a314-28b9e35dd248","10"
"eccbdafb-5567-4d53-ad5f-c5dc76cfb8f4","10"
"d59c2ccb-f2ff-4348-8df3-42e3b5529d33","10"
"f2db8ee5-57c6-4dc7-8883-b9a9e452c1bd","10"
"8ff3a9e7-8437-4292-8f92-52ddd35b1bc0","10"
"e19bd797-d351-4558-9bfb-bf6f2d34c69b","10"
"6d3b79e6-5bdf-4974-b0ad-7c2059634fa3","10"
"49af4623-8f26-43ff-a49b-984859e75e89","10"
"c56d66ca-58e8-4620-8c50-e92b4981492d","10"
"4a0ec00a-5b92-4712-97cf-835cc755b150","10"
"e6784077-0d30-4b7b-8866-f1a34ab85917","10"
"a070c80c-d72e-492d-ad47-fdd934551235","10"
"b2f97a7a-5a81-478a-913d-f7ec62d4d5a5","10"
"0f28c942-de37-4b6d-aca9-daf9d4723afa","10"
"ecb59ab8-5983-41a8-90b8-af45f67100f8","10"
"59705e11-1f77-48eb-be9c-6b415d550ca5","10"
"8f34dd8f-1abf-4044-a358-6aec404d2de1","10"
"8a129a4c-032d-4a30-ac60-b03820e757ea","10"
"ed8a5bde-0e57-4c3b-88f5-3d01c7d5184c","10"
"355f75b1-7fb0-4711-9ca9-92b3b6d3f983","10"
"c28e8e9c-b8d5-44ba-8152-47294f119c52","10"
"417e8bbb-dab5-46e9-8c0d-e6ff69f4be4b","10"
"90aab2aa-3e8a-4021-97a0-876563fee2a9","10"
"3d08bf00-7696-4ccd-a40c-a8067ae2eb45","10"
"cde7ca21-2390-46e3-b82d-de6393840919","10"
"a6361b49-efa6-4b71-95d4-694a24a58dea","10"
"7c11884d-f0b4-46c2-b5d4-1676a8491f32","10"
"181f7c27-42e8-4e7c-908f-6ed885ed5bdc","10"
"68922586-5c38-41b0-8a61-7849eb31138d","10"
"4520a8b5-7a7a-4e63-86f0-ba644630b4af","10"
"04235264-1829-4aae-b3d7-1575e9451c14","10"
"8e4dff68-9da1-4ce0-9aee-a0d2794ad3af","10"
"aed2e6c1-ff40-4ab1-8abb-2b65e007f2bf","10"
"5a645346-8358-4b24-99f6-3b6db250e8da","10"
"9d3aacba-e8b8-4503-93a9-c971599fc947","10"
"58f0b77c-ee3c-4d6f-82af-c8c2818106c0","10"
"39e77b45-5dda-4cc3-8c23-58a92004d104","10"
"3763788b-46a7-4563-a961-ac010243148d","10"
"1ddaf3f0-b365-449d-a3ab-7d40a74ed498","10"
"7354ff4e-6927-48cd-af1b-f0132cb09716","10"
"3c47f798-2c1f-4a7c-afb7-179a0fc19c62","10"
"b85e8518-daa4-4c29-a05c-497dffdf463a","10"
"bb998773-b37e-4586-a847-2e5fdab97186","10"
"dfd6f74b-1940-4b41-931b-4648d647784b","10"
"75f6f2f0-d418-43d2-b580-a7e6c298d57a","10"
"2dbf7361-ff9b-4f36-8d12-296901848d19","10"
"8c10e9f6-24e8-4bdc-b042-a2508b476968","10"
"65818bb9-dbea-4acf-a2c4-094ca6590e81","10"
"8f881951-d1d9-44b8-bb79-8b078fd30763","10"
"07fa7c2c-860f-4eca-b9fd-679c07f5d39d","10"
"06f20306-fdb3-4b0b-98c9-be747f59b325","10"
"11a4cb8f-2214-4984-943e-fa0245a46ad7","10"
"3eef767a-4de5-4f54-bc91-ffb1c82bb6bc","10"
"0809c585-bb28-4430-9346-b37e43b3ed5f","10"
"08d25afa-292f-4888-a167-91868b38962f","10"
"11afc319-8abf-4efe-ae32-5661116dfd70","10"
"c852e456-dae7-496a-9196-db29f2073730","10"
"d33ee9ef-7d36-4bc0-a880-a854de57969f","10"
"51c63391-da8a-4212-ac7a-2374d610e856","10"
"65940802-7457-44ad-955e-30db144bd450","10"
"09ecc971-ad80-4c4b-89d7-c95f2dd765cf","10"
"72ae035d-06ac-42e0-928a-21852257fc40","10"
"9689faea-a897-461c-adf6-2faab2c1b804","10"
"9944d2d6-3a94-4112-9790-08665a9f78be","10"
"34c29457-b82c-4648-99ee-3e780e30f788","10"
"539687c2-af79-4396-9a65-34f072962c74","10"
"dd9ec62a-b4f5-4888-b8cf-2e0d2cd4cec1","10"
"ed5623eb-ca22-4af9-af81-54f7c6ab1756","10"
"3b78a72a-564d-48f0-9ae4-c4fb667dd19c","10"
"6b913b5b-963f-4d14-973b-91ee9664b61f","10"
"751f5b84-a95d-4b54-9c94-2e67e8cad4b7","10"
"36958ec3-a52f-4994-ba88-b0900d4244bc","10"
"dcaaf7f3-6f4e-447d-b090-bb16177dfd2b","10"
"c94a8144-0e6f-42a0-80a8-363fb4a7ae22","10"
"3287dbe3-bca2-4105-a2e2-359d56bea439","10"
"85645618-9a84-4cc5-b767-bbf9c74e21b9","10"
"a4e23140-8ae6-4e39-940d-554538391231","10"
"e72b6151-1bd2-4cde-9459-58c70a15d5b0","10"
"b8064da4-fd5d-4fc1-86e1-67e1c982b17e","10"
"db2cfc87-f1ab-47f2-aee3-dc415d283fa1","10"
"4a9dbfb7-e4f2-4dee-b3bb-a80dab924c81","10"
"ec2006e4-e761-43e1-81da-e9cb01ba9571","10"
"3089f760-027a-4523-a5a6-da39a1ca008d","10"
"e281084c-d108-4de8-a12c-0358c2337653","10"
"930320ec-9069-4955-82e5-bbfeec7c523e","10"
"d6584998-5be2-477c-8952-47a635d5de48","10"
"f2c362a6-db4a-412a-953f-428d13876762","10"
"e3b239b7-47a1-4e56-8e0e-f62ef49bb715","10"
"79e3fed0-f075-4a78-bedb-eaef724caa23","10"
"5d41f404-0409-497b-8971-ad8735c44036","10"
"4c6f7d54-e52f-4829-81c7-366333a09cd5","10"
"8b4b1ea9-4df0-4c29-98c9-8bb13c7e55cd","10"
"581e2469-2660-4d3c-93ce-0a5e0f4fa6a1","10"
"8e52e632-8c29-46cb-96e1-add6775658f9","10"
"7f4cc7d5-fc75-40a0-beb7-ec1c6859e2e9","10"
"b38fb734-55ff-460d-807f-a10d87cfbbf1","10"
"e3c189a2-44b8-4777-aa70-aeb3b1ab2fb7","10"
"50fb66cf-f3ed-4b91-a770-b9c70f9f2092","10"
"9de7a7a9-a2c2-4d82-b2f2-832699a79f1f","10"
"3cd5d1a3-8453-439e-aea1-d531fa0a6f6b","10"
"c12aaa16-583d-42e2-923c-3dff403f0c25","10"
"4968a8e6-69ac-44df-9677-8c47b759bef9","10"
"903865ff-c705-486a-9de9-02e682047af4","10"
"5bc70b09-468e-4048-946b-1a78a1fb9efa","10"
"544081e9-81cb-4481-8ddd-a4472a5419cc","10"
"9116969b-0375-4a26-acce-c7eff345676a","10"
"4ad31731-12bb-4f50-a7cd-6b92eeb772d2","10"
"18a33000-8fe4-4474-a7be-9f336e027d39","10"
"211742a3-bb6a-4422-9809-a81ef0db12b2","10"
"8efd84be-d02f-48d4-87ee-460fdd219d5d","10"
"f3241d05-57da-4cd7-b55b-b3bebca97195","10"
"9731637c-9cdf-4775-908c-692b2897087b","10"
"cd95b33c-c6b5-4401-9085-4564d49bbc0c","10"
"ee1f6a13-b0bb-4a47-bef0-3552306a1ff3","10"
"1e85ad77-d98d-4b90-a27e-991c9d5fa24f","10"
"d3b27001-f402-4192-954f-f7ceed3bb947","10"
"0f28c98d-d38f-457d-8a8d-0cecc2152bf9","10"
"fe29ca6b-cfbd-4c10-9f70-e69a4d2c7c1f","10"
"7defb8bd-168f-427f-a43f-919c99be97cd","10"
"20ee597a-6153-4883-ae08-87f52abbaf88","10"
"66f27a4d-924b-47ce-b094-cdbc343a6919","10"
"17c930c6-46a1-4992-b2c7-fe23f16a92d1","10"
"87153215-d5e0-4d94-b8b2-cf691bd585b7","10"
"49539131-fe21-4d11-a492-568e401e37e0","10"
"3549af77-86ac-4611-8d7d-73116751b45a","10"
"08c66362-e94c-4add-86a8-396cae3a274b","10"
"cdcced80-cea0-4d38-8bad-9c430a7d0198","10"
"5ec4b37b-9f58-4a3a-9836-8dfee10bc06a","11"
"094c1636-c80a-4179-a165-e255b911cbee","11"
"c76e5e3e-580e-4a1c-82ff-07b3a31a1021","11"
"e92d74f3-94fa-472a-adae-a2d6fdb9ac1f","11"
"9e40aa29-8637-4374-acad-f849b5fe6408","11"
"291345ce-fd61-4943-a282-e39003b8c9ff","11"
"f6e3aa89-59a6-4608-95e9-69be853bbec5","11"
"2440848f-4ba6-46e1-8270-0c60cc8e027e","11"
"a45134da-39b9-4161-a56d-969b5c1edef9","11"
"6c5b1551-6ad8-4860-9cfb-03b4c52852cf","11"
"54f0d920-3312-4727-ad5c-95fa75be87b5","11"
"2f0a0115-8d1b-4205-a01c-d790a6a47174","11"
"b2bab151-b0ca-4810-9202-cf51b7b2df6c","11"
"a094a917-b7c5-491e-8025-4d1b33abfefc","11"
"edf9a138-4e3d-4640-bca4-666679d0a377","11"
"41b417fd-08af-4eb9-b16a-f8fb972d3dba","11"
"8844434d-f681-42b6-a1ae-99ec711d4f6e","11"
"c14981ee-f70b-4eca-a6c7-52c13ecb55c5","11"
"860750ca-6a06-4d80-8dc2-23062e891190","11"
"858b000f-45e5-4b6e-86c7-fd936367211e","11"
"60b2b9ad-4e0a-4e7c-8c4f-e972321d7ce9","11"
"cbb721fe-8adb-445c-b13c-c92b521190ed","11"
"6cdf6b96-e639-4ea8-9686-0e7b0297a743","11"
"358e0b14-0635-4a94-af30-af2c3d4ebf54","11"
"9562e536-e0e9-4f43-bb02-4495d1eb96cb","11"
"3595d061-b3be-4525-9fb7-722973ef5d04","11"
"bafca7a9-50fe-442b-b563-e99ff2de8a84","11"
"ce45afa6-e3db-4a3e-958f-ca610fd6cb04","11"
"c36b6471-9482-4862-8bde-53c31c0125b0","11"
"7abaca27-8338-49fc-bca1-d043465b5cad","11"
"ed50ce29-88d0-4e23-94a1-f94d9680a628","11"
"68ce971e-4ccc-4ed9-92a1-7ed7e7b95e56","11"
"c3b72cf9-57f4-447a-add7-850feb2ef4e7","11"
"c768f8ef-4307-4736-a6c9-c33927ff3838","11"
"8dac0e91-37cc-4ec3-a66e-b6bfe91daadc","11"
"aeb800ce-2606-45cb-ab9a-9e43fad57c83","11"
"e9156df0-e5a6-40ec-a761-ddcde166d43b","11"
"9aba49cd-81f2-4537-8820-81d8a42f8f6f","11"
"d514c9c6-5048-45b4-8175-1c1b4a93e928","11"
"2746386f-0c14-43e8-8b6b-70c72956e3a9","11"
"c1a6791d-cd6a-4dad-beb8-0cbd80c351bb","11"
"e8ee41f9-2713-4076-9a88-2de2221aa71c","11"
"de527537-aead-4b1d-afab-a6f6ae20a57c","11"
"fd5d6654-b5f7-4601-bd21-847e389f2380","11"
"bb169f8e-4fbb-43b4-98d4-3f0e490aba50","11"
"8c14b7a1-2a31-4f66-8279-89f2f3453f20","11"
"302c7379-08af-48ff-8d2e-3dd2267ea2e1","11"
"f642dc98-9587-411c-9c6f-1d67b6bd48aa","11"
"360ad188-e25f-4891-a067-1873d9b5b44e","11"
"90041ad5-acf5-4c17-a059-6fb6981922ef","11"
"bc7b9ba5-239b-4ee5-875e-f31d0b5bfb74","11"
"b6fbcc40-696e-49a3-ac6c-3cc50a0210e6","11"
"ad8f7f1c-02c7-49ef-9bb8-be6968394748","11"
"b017e566-dcd7-4584-81f3-20b4059b63b1","11"
"1d63ffe5-a9fb-4e24-965e-b298e4d2f72e","11"
"a117be70-d938-417d-89ca-d55c963cc362","11"
"f69ec91d-645a-4571-8e60-5e1206bc2b45","11"
"f5517b01-07c5-4b49-8fd1-949b6fb9712d","11"
"8bff7703-6b5e-4fbf-b1df-8bcf4cbc1e60","11"
"719f5c21-5e22-4951-ae8a-30a8575ca374","11"
"4b128209-51af-4849-96b0-1726f14ab80f","11"
"8934970f-b74e-4307-8834-708cddd9568b","11"
"3886e359-5b79-4f42-9825-d6a050eea8a1","11"
"b878e51e-8b6b-4d04-a30f-e4ad8b2c7013","11"
"377dcf8d-f8df-499d-aa6d-9c891b8f6b74","11"
"b3958708-ba17-4cf7-8319-78e08ae7f952","11"
"c147e720-562d-4370-b1db-3953dc8fab62","11"
"6428e24f-cc9e-4dd0-ab6b-03cb1da28e4d","11"
"2f7623a3-7168-4278-911a-6da4d29d4db3","11"
"9fbd08a0-d8ce-40b5-b9c6-9008ae9cb7b4","11"
"6519b304-c6da-4d53-a345-ca29c69d5070","11"
"c872c68c-7bc7-430c-8183-48349721fac3","11"
"d6f98d92-12a4-4d40-87e8-e1779b2ab5bb","11"
"97b18d94-dfca-4959-8bf2-bb752803e5ac","11"
"2dd17dd9-1ec7-4f9a-97fe-55b7d99394c1","11"
"85ea32c4-a250-4a69-8951-73abbe682f4a","11"
"ae77bbb4-0f80-40b3-ade3-56c68471a3f6","11"
"79b442fb-c087-4676-b9e5-aff9b4db984d","11"
"c4fc959e-bce0-43bf-9fd3-53a58371ca5f","11"
"847cb4a7-3506-464a-be3e-c278d5a5db75","11"
"450f37a2-7b16-44d3-b046-fb87194a45c2","11"
"0e3117ad-97e0-48ee-bc4c-644fecd8559c","11"
"5eb36540-e36c-459c-9fa0-73694e5e38d5","11"
"52b86d01-14b0-47b9-bec1-ec548a0bdb59","11"
"1bc2c44e-204c-4018-b7f5-955133739181","11"
"84d21f5c-5385-42aa-b1d7-32fe4d2f2b6c","11"
"29b257a7-046b-4395-9830-92d8a9991e32","11"
"1ecb3c80-40f7-436b-bcdd-f7601b0e8537","11"
"7957be5a-89c6-4077-8496-fec3861648ab","11"
"ca5af0da-99ee-41b6-8c57-6420aee6705e","11"
"6dac928f-83c2-49ac-9def-38cd96ebed33","11"
"c1719fb0-5b37-4713-a680-70d5464052bb","11"
"42df32f9-10de-41a4-97a9-84f0840ae74a","11"
"4dc97d0c-9a08-4df3-abbe-27a4940d7914","11"
"f9612082-d3d9-4e86-8d9e-df8592360dcc","11"
"bc231a81-8d6f-420b-b160-1fe3e564ddf1","11"
"0746c3e2-1245-428d-8843-08bc326111a9","11"
"5dddf570-5e25-4c07-8c3c-00b58e450726","11"
"dc5c9c20-f473-4e4c-965c-16ec2885e4eb","11"
"03478877-7783-4706-952c-33e4805e8fa0","11"
"ef8b9fd4-7718-40dc-8dd3-9415e6e91253","11"
"ef719ee1-41bd-402b-9c76-06d19391785f","11"
"919d9d32-58f1-4535-bdb4-617a0aa165f3","11"
"48090bce-1ab2-4e4d-8d17-1fe71bbc4cd9","11"
"3f555934-3553-426a-819d-788db5fd84d4","11"
"38f75288-a758-486b-bf22-ddb5a770f66c","11"
"942a1561-73e5-44fc-a88c-7510ba3008e3","11"
"6442c665-898e-4aba-9692-02856dac0392","11"
"d4e77212-5cc7-45e2-a3bb-15cf7b62b2c2","11"
"796aa88c-1e56-4f85-b302-c8e9d788e112","11"
"781f04d6-3b8d-42b0-b459-6f1e7e5e0296","11"
"777462d6-26a9-41fe-9a8a-24cc9b5e73d6","11"
"1c24298d-5844-4094-b6a5-0ae6260a0936","11"
"2c00a1ae-15ba-4c13-b1f9-45820834309c","11"
"add8ea17-b976-47e7-a6cd-cf3180219264","11"
"3de66d8b-098f-4dcf-89ae-1714e4704713","11"
"3d959526-6db4-4ece-b58c-ebacf424b751","11"
"74a79295-7dd8-4810-8f1a-33307ac0538a","11"
"f5eeca85-0962-4615-af8b-03c49ec68a9a","11"
"a8a1b2ce-97ca-4f3c-b5dd-e654ccf096a1","11"
"9c50d6b4-4743-4f3c-bfaf-32eb8a7a885e","11"
"72de7a53-da1f-43af-9341-d4f3c217c709","11"
"500b61d6-bdb6-4c51-b9d9-65efce81f694","11"
"2023f066-29ca-49e7-922c-ee6ffbd0dcd0","11"
"b17ea9c1-6a64-4fc7-a6a7-1b61df4162b6","11"
"44b90217-38ef-4c8d-b85f-a9fc7326e783","11"
"5b6504bf-e401-4c0c-9e18-a5bbfeb22222","11"
"d642563e-fd58-4c6a-a76c-ea2e8ba13f56","11"
"cdc26ac2-f750-4ef3-9753-ee053e3c894c","11"
"71ac3b3d-9115-4b2c-97c5-5cdc6e3d0f75","11"
"5b815f57-e4a4-4f82-9733-2d73514ea8ef","11"
"b7d2bd4e-f0b1-4da4-bf97-981759bbe695","11"
"583e4803-9015-45fe-88c9-375d9ee3ad09","11"
"561741e9-afd8-4dd5-8327-57a4143bd66e","11"
"37dcf5bb-05ed-4c09-835e-f2b26337aab9","11"
"53c13819-9aea-4d8f-8563-d17f39a1dbc9","11"
"e83fad9d-9d68-4efe-859a-a00af3e3b9cb","11"
"9166d140-eef3-4601-9762-bf496df569a3","11"
"4a0d3642-cd01-475d-a9ee-61f507593ed3","11"
"1a44c61d-8b9c-44e7-9552-270657a065be","11"
"72adbae7-3d18-4f7c-bff8-78688f449248","11"
"f108d3e5-b799-4434-a1ea-16ae17662d12","11"
"6519b37a-239a-4527-93b6-c075e1191341","11"
"ab6dbd48-7f88-44df-8438-b0917df814fd","11"
"50928bd6-1d37-4821-b488-20325e38f28a","11"
"63dbea27-99bd-4c80-b9d5-ab5ff19346df","11"
"592b101d-df22-42fa-a730-048442eb0caf","11"
"bb0833bb-6386-4bf3-b95b-38cb8e97d593","11"
"621cbbeb-fd01-49bd-8b5c-296d3427e43b","11"
"3974015f-ab45-4447-9ca5-1f100ee56a1c","11"
"d98c3327-d65b-4afc-abcf-9e63281f5234","11"
"45af0667-dd04-45c9-be3d-5ff4bd41d7ab","11"
"8ffb609a-12f9-4f2f-ab47-d6d3e7e02ac0","11"
"53640fe4-4199-4787-a028-37d8d9befba7","11"
"fd4104d6-a114-46e6-a07d-29f9a920c88d","11"
"e3ac5f1a-4efb-4780-9013-70b4066c81b9","11"
"3a72d539-2d9a-4eda-8504-0f42a4e5899e","11"
"266c5644-6ec7-40ae-823a-0730e8128dc7","11"
"2b6bd878-5850-4366-88d2-6f149057a264","11"
"c6893a0c-d5cd-4206-b503-c6d1e90542af","11"
"de142c56-f14e-4f8b-aa75-f25c93cae603","11"
"8a04bcf3-6321-46c5-bd47-9b3ff3fd53ef","11"
"24261761-91d5-4795-b5cd-984e304e66d1","11"
"5ab495d9-ceb9-4018-8633-6fe6e663d138","11"
"02c2dd63-ab1c-47ea-bccb-fac081654e3e","11"
"f4d242e1-bed0-4ae6-bdf5-44804e9aa20b","11"
"a9c5c4ad-2d74-4cd3-aca9-cd7b63a0dd5b","11"
"6cef7ae1-b7f7-435c-b2c9-2de3870e7650","11"
"4e135f2d-8fd4-46aa-a92d-71fac798088a","11"
"e8f07e2a-7cba-4e55-a88b-9956e21de4bd","11"
"8454bdc6-9195-490d-9967-131991c1ff79","11"
"fcf0b809-95d1-4110-9936-7c255c532b0b","11"
"83de0bd6-a4df-4b54-83eb-148a3ecbb599","11"
"3073ac1e-b374-4eb7-9918-f0343c77e3c9","11"
"858a874f-cdf5-4117-9a92-99c64a10d117","11"
"c9614b47-674f-42bc-8b92-f0a0cbcd854f","11"
"a39c1bd1-ec1e-4cf3-8365-65a8f28ddea5","11"
"2aec6beb-0375-4049-b729-c3b58516ca46","11"
"eb919925-37b6-4252-bfcf-8f238037340c","11"
"db692cf4-eb4c-474f-a1ad-b863e434fef3","11"
"1ebea275-8fea-409c-ba24-b4c0eefe9503","11"
"4712e8bd-edcd-4beb-83f0-5d6d828e6760","11"
"955ddd4a-2b06-4dae-9c47-64b026c6eff9","11"
"c067f199-7be2-4721-8f8c-e8fa977b83ed","11"
"690e2e4d-8a65-4588-88ec-87f42f4a62ce","11"
"7a09ff72-4aad-42da-84d6-be99a56bf5f8","11"
"6bcfd406-0cc3-4924-a1dd-616d42075a46","11"
"fbef4711-439a-45b9-a388-a06cbf0726be","11"
"d7270ca0-59d9-43ba-9f85-8b96512e61f6","11"
"de28afe8-3446-4ecc-bce7-b17cef2555ad","11"
"81f59931-43a0-467b-b908-184ee34d5051","11"
"f11cbd60-8ab4-4717-8730-8f3b426b8fc0","11"
"d1c93209-81f8-426b-b81a-81e554d547fb","11"
"6a0ca2e1-e4c1-49db-993c-924aff1c715f","11"
"d70486de-2906-4251-a558-5d7591c75f92","11"
"382feda9-1451-47eb-b9cf-d1f63aa878a3","11"
"b47e4cbc-9fc4-4e88-be0e-8d1a8e44cb7f","11"
"aa067673-20bd-4d66-8b51-0fcc353308c6","11"
"52ccb8a4-4ea6-47b1-9e52-4b99da3e5135","11"
"abdcf65e-0f0c-434a-a35f-35a4a645e576","11"
